timestamp,motor_name,velocity_rpm,current_amp,voltage_v,temperature_c,torque_nm,run
0.000,front_left,-1.47,0.111,12.17,24.00,0.039,1
0.000,front_right,0.67,0.175,11.98,24.00,0.061,1
0.000,back_left,0.89,0.081,12.26,24.00,0.028,1
0.000,back_right,-0.15,0.124,12.13,24.00,0.043,1
0.020,front_left,-0.72,0.082,12.25,24.00,0.029,1
0.020,front_right,0.02,0.126,12.12,24.00,0.044,1
0.020,back_left,2.14,0.092,12.22,24.00,0.032,1
0.020,back_right,-1.28,0.099,12.20,24.00,0.035,1
0.040,front_left,-0.50,0.100,12.20,24.00,0.035,1
0.040,front_right,0.89,0.161,12.02,24.00,0.056,1
0.040,back_left,3.17,0.143,12.07,24.00,0.050,1
0.040,back_right,-0.24,0.129,12.11,24.00,0.045,1
0.060,front_left,-0.20,0.096,12.21,24.00,0.034,1
0.060,front_right,3.31,0.100,12.20,24.00,0.035,1
0.060,back_left,6.83,0.069,12.29,24.00,0.024,1
0.060,back_right,-1.12,0.105,12.19,24.00,0.037,1
0.080,front_left,0.82,0.119,12.14,24.00,0.042,1
0.080,front_right,2.02,0.186,11.94,24.00,0.065,1
0.080,back_left,2.66,0.126,12.12,24.00,0.044,1
0.080,back_right,-3.63,0.109,12.17,24.00,0.038,1
0.100,front_left,2.57,0.092,12.22,24.00,0.032,1
0.100,front_right,1.67,0.102,12.20,24.00,0.036,1
0.100,back_left,1.14,0.078,12.27,24.00,0.027,1
0.100,back_right,-0.47,0.146,12.06,24.00,0.051,1
0.120,front_left,0.12,0.112,12.16,24.00,0.039,1
0.120,front_right,1.10,0.147,12.06,24.00,0.052,1
0.120,back_left,2.00,0.110,12.17,24.00,0.039,1
0.120,back_right,-2.48,0.130,12.11,24.00,0.045,1
0.140,front_left,-0.40,0.074,12.28,24.00,0.026,1
0.140,front_right,1.99,0.163,12.01,24.00,0.057,1
0.140,back_left,-0.22,0.128,12.12,24.00,0.045,1
0.140,back_right,-1.30,0.100,12.20,24.00,0.035,1
0.160,front_left,2.27,0.116,12.15,24.00,0.040,1
0.160,front_right,1.61,0.200,11.90,24.00,0.070,1
0.160,back_left,-0.11,0.126,12.12,24.00,0.044,1
0.160,back_right,-0.96,0.057,12.33,24.00,0.020,1
0.180,front_left,0.18,0.086,12.24,24.00,0.030,1
0.180,front_right,0.51,0.174,11.98,24.00,0.061,1
0.180,back_left,-0.75,0.109,12.17,24.00,0.038,1
0.180,back_right,-0.45,0.105,12.19,24.00,0.037,1
0.200,front_left,0.61,0.099,12.20,24.00,0.035,1
0.200,front_right,2.13,0.187,11.94,24.00,0.066,1
0.200,back_left,0.67,0.090,12.23,24.00,0.031,1
0.200,back_right,0.25,0.066,12.30,24.00,0.023,1
0.220,front_left,0.79,0.091,12.23,24.00,0.032,1
0.220,front_right,0.67,0.167,12.00,24.00,0.058,1
0.220,back_left,-0.39,0.117,12.15,24.00,0.041,1
0.220,back_right,0.99,0.107,12.18,24.00,0.038,1
0.240,front_left,-2.45,0.047,12.36,24.00,0.017,1
0.240,front_right,-0.16,0.163,12.01,24.00,0.057,1
0.240,back_left,1.83,0.086,12.24,24.00,0.030,1
0.240,back_right,1.78,0.112,12.16,24.00,0.039,1
0.260,front_left,0.92,0.100,12.20,24.00,0.035,1
0.260,front_right,2.14,0.170,11.99,24.00,0.059,1
0.260,back_left,0.93,0.081,12.26,24.00,0.028,1
0.260,back_right,-0.78,0.078,12.27,24.00,0.027,1
0.280,front_left,-2.95,0.102,12.19,24.00,0.036,1
0.280,front_right,1.34,0.158,12.03,24.00,0.055,1
0.280,back_left,0.86,0.156,12.03,24.00,0.055,1
0.280,back_right,0.63,0.132,12.10,24.00,0.046,1
0.300,front_left,0.01,0.112,12.16,24.00,0.039,1
0.300,front_right,1.93,0.152,12.04,24.00,0.053,1
0.300,back_left,3.21,0.118,12.15,24.00,0.041,1
0.300,back_right,1.47,0.115,12.15,24.00,0.040,1
0.320,front_left,0.01,0.102,12.19,24.00,0.036,1
0.320,front_right,-2.90,0.145,12.06,24.00,0.051,1
0.320,back_left,3.49,0.068,12.30,24.00,0.024,1
0.320,back_right,1.05,0.102,12.19,24.00,0.036,1
0.340,front_left,-1.19,0.053,12.34,24.00,0.019,1
0.340,front_right,3.10,0.158,12.03,24.00,0.055,1
0.340,back_left,-1.45,0.086,12.24,24.00,0.030,1
0.340,back_right,-0.63,0.100,12.20,24.00,0.035,1
0.360,front_left,-0.47,0.097,12.21,24.00,0.034,1
0.360,front_right,1.21,0.164,12.01,24.00,0.057,1
0.360,back_left,-0.43,0.122,12.14,24.00,0.043,1
0.360,back_right,0.39,0.060,12.32,24.00,0.021,1
0.380,front_left,-0.56,0.054,12.34,24.00,0.019,1
0.380,front_right,2.53,0.122,12.13,24.00,0.043,1
0.380,back_left,0.04,0.108,12.17,24.00,0.038,1
0.380,back_right,-0.92,0.084,12.25,24.00,0.029,1
0.400,front_left,-0.75,0.076,12.27,24.00,0.027,1
0.400,front_right,0.90,0.138,12.08,24.00,0.048,1
0.400,back_left,-0.40,0.108,12.18,24.00,0.038,1
0.400,back_right,-1.69,0.129,12.11,24.00,0.045,1
0.420,front_left,0.91,0.063,12.31,24.00,0.022,1
0.420,front_right,0.82,0.166,12.00,24.00,0.058,1
0.420,back_left,-0.12,0.096,12.21,24.00,0.034,1
0.420,back_right,0.17,0.115,12.15,24.00,0.040,1
0.440,front_left,-1.43,0.078,12.27,24.00,0.027,1
0.440,front_right,-0.89,0.176,11.97,24.00,0.062,1
0.440,back_left,-0.79,0.093,12.22,24.00,0.033,1
0.440,back_right,2.33,0.105,12.18,24.00,0.037,1
0.460,front_left,0.10,0.122,12.13,24.00,0.043,1
0.460,front_right,1.73,0.156,12.03,24.00,0.055,1
0.460,back_left,-2.56,0.097,12.21,24.00,0.034,1
0.460,back_right,0.76,0.058,12.33,24.00,0.020,1
0.480,front_left,0.58,0.058,12.33,24.00,0.020,1
0.480,front_right,1.30,0.147,12.06,24.00,0.052,1
0.480,back_left,0.61,0.115,12.15,24.00,0.040,1
0.480,back_right,1.83,0.098,12.20,24.00,0.034,1
0.500,front_left,-1.47,0.877,9.87,24.00,0.307,1
0.500,front_right,-1.04,1.184,8.95,24.00,0.414,1
0.500,back_left,-0.56,0.796,10.11,24.00,0.279,1
0.500,back_right,-1.93,0.876,9.87,24.00,0.306,1
0.520,front_left,13.88,0.832,10.00,24.00,0.291,1
0.520,front_right,5.48,1.149,9.05,24.00,0.402,1
0.520,back_left,11.29,0.829,10.01,24.00,0.290,1
0.520,back_right,13.50,0.939,9.68,24.00,0.329,1
0.540,front_left,26.91,0.853,9.94,24.00,0.299,1
0.540,front_right,10.59,1.171,8.99,24.00,0.410,1
0.540,back_left,23.13,0.883,9.85,24.00,0.309,1
0.540,back_right,22.24,0.891,9.83,24.00,0.312,1
0.560,front_left,40.51,0.842,9.97,24.00,0.295,1
0.560,front_right,15.83,1.206,8.88,24.00,0.422,1
0.560,back_left,38.53,0.886,9.84,24.00,0.310,1
0.560,back_right,29.00,0.912,9.76,24.00,0.319,1
0.580,front_left,48.12,0.814,10.06,24.00,0.285,1
0.580,front_right,25.99,1.091,9.23,24.00,0.382,1
0.580,back_left,44.58,0.845,9.97,24.00,0.296,1
0.580,back_right,41.07,0.910,9.77,24.00,0.319,1
0.600,front_left,60.72,0.838,9.99,24.00,0.293,1
0.600,front_right,28.40,1.238,8.79,24.00,0.433,1
0.600,back_left,56.41,0.826,10.02,24.00,0.289,1
0.600,back_right,49.32,0.920,9.74,24.00,0.322,1
0.620,front_left,69.14,0.850,9.95,24.00,0.298,1
0.620,front_right,32.93,1.159,9.02,24.00,0.406,1
0.620,back_left,65.58,0.837,9.99,24.00,0.293,1
0.620,back_right,58.79,0.871,9.89,24.00,0.305,1
0.640,front_left,76.34,0.879,9.86,24.00,0.308,1
0.640,front_right,35.52,1.204,8.89,24.00,0.421,1
0.640,back_left,74.09,0.832,10.00,24.00,0.291,1
0.640,back_right,64.94,0.942,9.68,24.00,0.330,1
0.660,front_left,85.63,0.833,10.00,24.00,0.292,1
0.660,front_right,44.17,1.186,8.94,24.00,0.415,1
0.660,back_left,83.09,0.886,9.84,24.00,0.310,1
0.660,back_right,72.99,0.865,9.90,24.00,0.303,1
0.680,front_left,93.28,0.842,9.97,24.00,0.295,1
0.680,front_right,48.94,1.196,8.91,24.00,0.418,1
0.680,back_left,90.60,0.818,10.04,24.00,0.286,1
0.680,back_right,80.13,0.898,9.80,24.00,0.314,1
0.700,front_left,100.30,0.830,10.01,24.00,0.290,1
0.700,front_right,51.72,1.202,8.90,24.00,0.421,1
0.700,back_left,94.38,0.829,10.01,24.00,0.290,1
0.700,back_right,85.01,0.936,9.69,24.00,0.328,1
0.720,front_left,108.30,0.871,9.89,24.00,0.305,1
0.720,front_right,54.80,1.180,8.96,24.01,0.413,1
0.720,back_left,101.85,0.871,9.89,24.00,0.305,1
0.720,back_right,92.30,0.904,9.79,24.00,0.316,1
0.740,front_left,114.61,0.809,10.07,24.00,0.283,1
0.740,front_right,60.15,1.165,9.01,24.01,0.408,1
0.740,back_left,108.62,0.852,9.94,24.00,0.298,1
0.740,back_right,98.92,0.935,9.69,24.00,0.327,1
0.760,front_left,118.81,0.873,9.88,24.00,0.306,1
0.760,front_right,64.25,1.183,8.95,24.01,0.414,1
0.760,back_left,114.37,0.865,9.90,24.00,0.303,1
0.760,back_right,103.77,0.917,9.75,24.00,0.321,1
0.780,front_left,124.68,0.841,9.98,24.00,0.294,1
0.780,front_right,69.86,1.180,8.96,24.01,0.413,1
0.780,back_left,121.44,0.846,9.96,24.00,0.296,1
0.780,back_right,108.57,0.920,9.74,24.00,0.322,1
0.800,front_left,129.35,0.876,9.87,24.00,0.307,1
0.800,front_right,72.64,1.195,8.91,24.01,0.418,1
0.800,back_left,125.98,0.827,10.02,24.00,0.289,1
0.800,back_right,114.23,0.908,9.77,24.00,0.318,1
0.820,front_left,133.65,0.827,10.02,24.00,0.289,1
0.820,front_right,77.51,1.171,8.99,24.01,0.410,1
0.820,back_left,129.85,0.828,10.02,24.00,0.290,1
0.820,back_right,118.25,0.910,9.77,24.01,0.318,1
0.840,front_left,140.01,0.799,10.10,24.00,0.280,1
0.840,front_right,81.02,1.206,8.88,24.01,0.422,1
0.840,back_left,135.34,0.837,9.99,24.00,0.293,1
0.840,back_right,121.09,0.933,9.70,24.01,0.326,1
0.860,front_left,141.94,0.901,9.80,24.01,0.315,1
0.860,front_right,80.77,1.202,8.89,24.01,0.421,1
0.860,back_left,137.20,0.842,9.97,24.01,0.295,1
0.860,back_right,125.82,0.920,9.74,24.01,0.322,1
0.880,front_left,146.28,0.848,9.96,24.01,0.297,1
0.880,front_right,85.67,1.176,8.97,24.01,0.412,1
0.880,back_left,140.55,0.871,9.89,24.01,0.305,1
0.880,back_right,130.56,0.961,9.62,24.01,0.336,1
0.900,front_left,146.99,0.835,10.00,24.01,0.292,1
0.900,front_right,87.77,1.175,8.98,24.01,0.411,1
0.900,back_left,145.44,0.895,9.82,24.01,0.313,1
0.900,back_right,134.15,0.920,9.74,24.01,0.322,1
0.920,front_left,151.58,0.820,10.04,24.01,0.287,1
0.920,front_right,93.66,1.145,9.06,24.01,0.401,1
0.920,back_left,147.24,0.790,10.13,24.01,0.276,1
0.920,back_right,138.95,0.919,9.74,24.01,0.322,1
0.940,front_left,154.86,0.840,9.98,24.01,0.294,1
0.940,front_right,95.47,1.183,8.95,24.01,0.414,1
0.940,back_left,151.96,0.870,9.89,24.01,0.305,1
0.940,back_right,141.10,0.911,9.77,24.01,0.319,1
0.960,front_left,158.35,0.863,9.91,24.01,0.302,1
0.960,front_right,98.89,1.202,8.89,24.01,0.421,1
0.960,back_left,152.55,0.876,9.87,24.01,0.307,1
0.960,back_right,145.22,0.855,9.94,24.01,0.299,1
0.980,front_left,158.18,0.821,10.04,24.01,0.287,1
0.980,front_right,101.03,1.203,8.89,24.01,0.421,1
0.980,back_left,157.25,0.828,10.01,24.01,0.290,1
0.980,back_right,145.96,0.918,9.75,24.01,0.321,1
1.000,front_left,164.76,0.847,9.96,24.01,0.296,1
1.000,front_right,100.80,1.178,8.97,24.01,0.412,1
1.000,back_left,158.67,0.850,9.95,24.01,0.298,1
1.000,back_right,150.73,0.884,9.85,24.01,0.309,1
1.020,front_left,167.97,0.826,10.02,24.01,0.289,1
1.020,front_right,100.98,1.149,9.05,24.01,0.402,1
1.020,back_left,162.30,0.887,9.84,24.01,0.310,1
1.020,back_right,151.81,0.899,9.80,24.01,0.315,1
1.040,front_left,169.48,0.851,9.95,24.01,0.298,1
1.040,front_right,108.16,1.124,9.13,24.01,0.393,1
1.040,back_left,164.78,0.885,9.85,24.01,0.310,1
1.040,back_right,154.38,0.921,9.74,24.01,0.322,1
1.060,front_left,168.28,0.794,10.12,24.01,0.278,1
1.060,front_right,109.69,1.174,8.98,24.01,0.411,1
1.060,back_left,165.24,0.834,10.00,24.01,0.292,1
1.060,back_right,156.27,0.884,9.85,24.01,0.309,1
1.080,front_left,174.49,0.866,9.90,24.01,0.303,1
1.080,front_right,114.82,1.181,8.96,24.01,0.414,1
1.080,back_left,169.31,0.827,10.02,24.01,0.289,1
1.080,back_right,158.04,0.863,9.91,24.01,0.302,1
1.100,front_left,173.72,0.818,10.04,24.01,0.286,1
1.100,front_right,114.77,1.180,8.96,24.01,0.413,1
1.100,back_left,172.51,0.850,9.95,24.01,0.297,1
1.100,back_right,162.35,0.885,9.84,24.01,0.310,1
1.120,front_left,172.58,0.829,10.01,24.01,0.290,1
1.120,front_right,117.65,1.191,8.93,24.01,0.417,1
1.120,back_left,174.27,0.855,9.94,24.01,0.299,1
1.120,back_right,163.25,0.895,9.82,24.01,0.313,1
1.140,front_left,176.68,0.877,9.87,24.01,0.307,1
1.140,front_right,120.46,1.205,8.89,24.01,0.422,1
1.140,back_left,172.83,0.816,10.05,24.01,0.286,1
1.140,back_right,162.89,0.920,9.74,24.01,0.322,1
1.160,front_left,177.44,0.835,10.00,24.01,0.292,1
1.160,front_right,120.28,1.219,8.84,24.02,0.427,1
1.160,back_left,172.25,0.842,9.97,24.01,0.295,1
1.160,back_right,167.06,0.911,9.77,24.01,0.319,1
1.180,front_left,179.01,0.864,9.91,24.01,0.302,1
1.180,front_right,122.74,1.205,8.88,24.02,0.422,1
1.180,back_left,177.22,0.855,9.93,24.01,0.299,1
1.180,back_right,167.97,0.872,9.88,24.01,0.305,1
1.200,front_left,182.53,0.885,9.85,24.01,0.310,1
1.200,front_right,124.00,1.202,8.89,24.02,0.421,1
1.200,back_left,178.44,0.828,10.02,24.01,0.290,1
1.200,back_right,169.73,0.916,9.75,24.01,0.320,1
1.220,front_left,181.47,0.857,9.93,24.01,0.300,1
1.220,front_right,129.89,1.131,9.11,24.02,0.396,1
1.220,back_left,178.53,0.871,9.89,24.01,0.305,1
1.220,back_right,171.66,0.870,9.89,24.01,0.305,1
1.240,front_left,181.08,0.821,10.04,24.01,0.287,1
1.240,front_right,129.65,1.215,8.86,24.02,0.425,1
1.240,back_left,179.60,0.911,9.77,24.01,0.319,1
1.240,back_right,171.83,0.896,9.81,24.01,0.314,1
1.260,front_left,182.91,0.859,9.92,24.01,0.301,1
1.260,front_right,129.45,1.207,8.88,24.02,0.422,1
1.260,back_left,178.57,0.850,9.95,24.01,0.297,1
1.260,back_right,175.30,0.895,9.82,24.01,0.313,1
1.280,front_left,181.24,0.840,9.98,24.01,0.294,1
1.280,front_right,132.37,1.203,8.89,24.02,0.421,1
1.280,back_left,180.80,0.863,9.91,24.01,0.302,1
1.280,back_right,173.88,0.895,9.81,24.01,0.313,1
1.300,front_left,187.84,0.865,9.91,24.01,0.303,1
1.300,front_right,135.65,1.179,8.96,24.02,0.413,1
1.300,back_left,183.66,0.876,9.87,24.01,0.307,1
1.300,back_right,175.11,0.924,9.73,24.01,0.323,1
1.320,front_left,187.85,0.824,10.03,24.01,0.288,1
1.320,front_right,136.06,1.154,9.04,24.02,0.404,1
1.320,back_left,186.37,0.886,9.84,24.01,0.310,1
1.320,back_right,176.50,0.924,9.73,24.01,0.323,1
1.340,front_left,187.04,0.815,10.05,24.01,0.285,1
1.340,front_right,138.79,1.194,8.92,24.02,0.418,1
1.340,back_left,183.66,0.847,9.96,24.01,0.297,1
1.340,back_right,176.10,0.924,9.73,24.01,0.323,1
1.360,front_left,189.49,0.829,10.01,24.01,0.290,1
1.360,front_right,136.99,1.180,8.96,24.02,0.413,1
1.360,back_left,182.98,0.840,9.98,24.01,0.294,1
1.360,back_right,179.07,0.870,9.89,24.01,0.305,1
1.380,front_left,187.27,0.813,10.06,24.01,0.285,1
1.380,front_right,141.61,1.187,8.94,24.02,0.416,1
1.380,back_left,185.20,0.903,9.79,24.01,0.316,1
1.380,back_right,180.36,0.908,9.78,24.01,0.318,1
1.400,front_left,188.83,0.876,9.87,24.01,0.307,1
1.400,front_right,144.48,1.207,8.88,24.02,0.423,1
1.400,back_left,186.14,0.859,9.92,24.01,0.301,1
1.400,back_right,180.46,0.929,9.71,24.01,0.325,1
1.420,front_left,188.95,0.836,9.99,24.01,0.293,1
1.420,front_right,143.99,1.184,8.95,24.02,0.414,1
1.420,back_left,185.60,0.877,9.87,24.01,0.307,1
1.420,back_right,178.24,0.926,9.72,24.01,0.324,1
1.440,front_left,188.80,0.867,9.90,24.01,0.304,1
1.440,front_right,143.93,1.201,8.90,24.02,0.420,1
1.440,back_left,189.86,0.874,9.88,24.01,0.306,1
1.440,back_right,184.08,0.884,9.85,24.01,0.310,1
1.460,front_left,190.09,0.851,9.95,24.01,0.298,1
1.460,front_right,145.74,1.212,8.86,24.02,0.424,1
1.460,back_left,189.44,0.874,9.88,24.01,0.306,1
1.460,back_right,183.10,0.910,9.77,24.01,0.319,1
1.480,front_left,190.43,0.843,9.97,24.01,0.295,1
1.480,front_right,145.97,1.202,8.89,24.02,0.421,1
1.480,back_left,187.76,0.863,9.91,24.01,0.302,1
1.480,back_right,184.22,0.914,9.76,24.01,0.320,1
1.500,front_left,191.75,0.856,9.93,24.01,0.299,1
1.500,front_right,148.45,1.210,8.87,24.02,0.423,1
1.500,back_left,189.33,0.876,9.87,24.01,0.306,1
1.500,back_right,181.42,0.871,9.89,24.02,0.305,1
1.520,front_left,189.11,0.838,9.99,24.01,0.293,1
1.520,front_right,148.23,1.176,8.97,24.02,0.412,1
1.520,back_left,189.64,0.868,9.90,24.01,0.304,1
1.520,back_right,186.66,0.932,9.70,24.02,0.326,1
1.540,front_left,191.19,0.851,9.95,24.01,0.298,1
1.540,front_right,149.88,1.190,8.93,24.02,0.417,1
1.540,back_left,191.22,0.857,9.93,24.01,0.300,1
1.540,back_right,183.98,0.923,9.73,24.02,0.323,1
1.560,front_left,193.51,0.822,10.04,24.01,0.288,1
1.560,front_right,149.17,1.197,8.91,24.02,0.419,1
1.560,back_left,192.92,0.865,9.90,24.01,0.303,1
1.560,back_right,184.65,0.914,9.76,24.02,0.320,1
1.580,front_left,191.14,0.804,10.09,24.01,0.281,1
1.580,front_right,152.98,1.204,8.89,24.02,0.422,1
1.580,back_left,191.32,0.889,9.83,24.02,0.311,1
1.580,back_right,185.74,0.907,9.78,24.02,0.317,1
1.600,front_left,191.52,0.869,9.89,24.01,0.304,1
1.600,front_right,153.07,1.196,8.91,24.03,0.419,1
1.600,back_left,188.84,0.846,9.96,24.02,0.296,1
1.600,back_right,184.56,0.930,9.71,24.02,0.326,1
1.620,front_left,191.75,0.872,9.89,24.02,0.305,1
1.620,front_right,154.95,1.209,8.87,24.03,0.423,1
1.620,back_left,192.05,0.903,9.79,24.02,0.316,1
1.620,back_right,187.45,0.918,9.75,24.02,0.321,1
1.640,front_left,192.95,0.834,10.00,24.02,0.292,1
1.640,front_right,157.73,1.178,8.97,24.03,0.412,1
1.640,back_left,190.63,0.853,9.94,24.02,0.299,1
1.640,back_right,186.41,0.864,9.91,24.02,0.302,1
1.660,front_left,193.26,0.827,10.02,24.02,0.289,1
1.660,front_right,154.98,1.204,8.89,24.03,0.421,1
1.660,back_left,192.11,0.867,9.90,24.02,0.303,1
1.660,back_right,184.62,0.933,9.70,24.02,0.327,1
1.680,front_left,193.82,0.839,9.98,24.02,0.294,1
1.680,front_right,155.75,1.201,8.90,24.03,0.420,1
1.680,back_left,191.98,0.913,9.76,24.02,0.320,1
1.680,back_right,185.62,0.890,9.83,24.02,0.312,1
1.700,front_left,190.91,0.820,10.04,24.02,0.287,1
1.700,front_right,157.73,1.173,8.98,24.03,0.411,1
1.700,back_left,191.98,0.851,9.95,24.02,0.298,1
1.700,back_right,188.06,0.922,9.73,24.02,0.323,1
1.720,front_left,194.38,0.832,10.00,24.02,0.291,1
1.720,front_right,157.20,1.262,8.71,24.03,0.442,1
1.720,back_left,190.76,0.869,9.89,24.02,0.304,1
1.720,back_right,187.77,0.911,9.77,24.02,0.319,1
1.740,front_left,190.80,0.864,9.91,24.02,0.302,1
1.740,front_right,160.36,1.160,9.02,24.03,0.406,1
1.740,back_left,191.17,0.884,9.85,24.02,0.309,1
1.740,back_right,188.40,0.861,9.92,24.02,0.301,1
1.760,front_left,195.96,0.808,10.08,24.02,0.283,1
1.760,front_right,160.26,1.171,8.99,24.03,0.410,1
1.760,back_left,190.48,0.873,9.88,24.02,0.305,1
1.760,back_right,187.64,0.932,9.71,24.02,0.326,1
1.780,front_left,194.12,0.859,9.92,24.02,0.300,1
1.780,front_right,162.59,1.231,8.81,24.03,0.431,1
1.780,back_left,192.97,0.905,9.79,24.02,0.317,1
1.780,back_right,190.56,0.886,9.84,24.02,0.310,1
1.800,front_left,194.89,0.854,9.94,24.02,0.299,1
1.800,front_right,161.60,1.218,8.85,24.03,0.426,1
1.800,back_left,194.57,0.860,9.92,24.02,0.301,1
1.800,back_right,189.45,0.907,9.78,24.02,0.317,1
1.820,front_left,192.31,0.864,9.91,24.02,0.302,1
1.820,front_right,164.33,1.164,9.01,24.03,0.407,1
1.820,back_left,192.71,0.865,9.90,24.02,0.303,1
1.820,back_right,191.37,0.933,9.70,24.02,0.327,1
1.840,front_left,194.03,0.826,10.02,24.02,0.289,1
1.840,front_right,161.99,1.188,8.94,24.03,0.416,1
1.840,back_left,192.51,0.863,9.91,24.02,0.302,1
1.840,back_right,189.31,0.892,9.82,24.02,0.312,1
1.860,front_left,195.26,0.863,9.91,24.02,0.302,1
1.860,front_right,163.73,1.231,8.81,24.03,0.431,1
1.860,back_left,191.08,0.853,9.94,24.02,0.299,1
1.860,back_right,190.17,0.907,9.78,24.02,0.317,1
1.880,front_left,195.92,0.821,10.04,24.02,0.287,1
1.880,front_right,164.33,1.229,8.81,24.03,0.430,1
1.880,back_left,189.89,0.838,9.99,24.02,0.293,1
1.880,back_right,188.69,0.878,9.87,24.02,0.307,1
1.900,front_left,195.31,0.801,10.10,24.02,0.281,1
1.900,front_right,165.99,1.154,9.04,24.03,0.404,1
1.900,back_left,196.07,0.861,9.92,24.02,0.301,1
1.900,back_right,192.04,0.907,9.78,24.02,0.317,1
1.920,front_left,196.06,0.818,10.05,24.02,0.286,1
1.920,front_right,165.75,1.180,8.96,24.03,0.413,1
1.920,back_left,193.23,0.897,9.81,24.02,0.314,1
1.920,back_right,188.42,0.916,9.75,24.02,0.321,1
1.940,front_left,193.84,0.858,9.93,24.02,0.300,1
1.940,front_right,168.23,1.179,8.96,24.03,0.413,1
1.940,back_left,194.27,0.844,9.97,24.02,0.295,1
1.940,back_right,190.30,0.885,9.85,24.02,0.310,1
1.960,front_left,195.40,0.819,10.04,24.02,0.287,1
1.960,front_right,168.79,1.181,8.96,24.03,0.413,1
1.960,back_left,193.12,0.842,9.97,24.02,0.295,1
1.960,back_right,189.97,0.891,9.83,24.02,0.312,1
1.980,front_left,196.03,0.883,9.85,24.02,0.309,1
1.980,front_right,168.67,1.170,8.99,24.03,0.410,1
1.980,back_left,194.71,0.839,9.98,24.02,0.294,1
1.980,back_right,190.26,0.920,9.74,24.02,0.322,1
2.000,front_left,193.18,0.843,9.97,24.02,0.295,1
2.000,front_right,167.50,1.202,8.89,24.03,0.421,1
2.000,back_left,194.53,0.848,9.96,24.02,0.297,1
2.000,back_right,191.00,0.935,9.69,24.02,0.327,1
2.020,front_left,195.42,0.845,9.97,24.02,0.296,1
2.020,front_right,169.31,1.159,9.02,24.03,0.406,1
2.020,back_left,194.71,0.822,10.03,24.02,0.288,1
2.020,back_right,189.44,0.895,9.82,24.02,0.313,1
2.040,front_left,195.52,0.865,9.91,24.02,0.303,1
2.040,front_right,169.40,1.193,8.92,24.04,0.417,1
2.040,back_left,197.89,0.843,9.97,24.02,0.295,1
2.040,back_right,192.78,0.907,9.78,24.02,0.317,1
2.060,front_left,196.43,0.843,9.97,24.02,0.295,1
2.060,front_right,170.00,1.188,8.93,24.04,0.416,1
2.060,back_left,194.69,0.896,9.81,24.02,0.314,1
2.060,back_right,191.03,0.915,9.76,24.02,0.320,1
2.080,front_left,196.79,0.829,10.01,24.02,0.290,1
2.080,front_right,169.70,1.205,8.88,24.04,0.422,1
2.080,back_left,195.69,0.840,9.98,24.02,0.294,1
2.080,back_right,194.55,0.943,9.67,24.02,0.330,1
2.100,front_left,197.95,0.840,9.98,24.02,0.294,1
2.100,front_right,170.59,1.174,8.98,24.04,0.411,1
2.100,back_left,195.41,0.884,9.85,24.02,0.309,1
2.100,back_right,197.10,0.869,9.89,24.02,0.304,1
2.120,front_left,195.20,0.853,9.94,24.02,0.299,1
2.120,front_right,172.14,1.145,9.06,24.04,0.401,1
2.120,back_left,194.58,0.843,9.97,24.02,0.295,1
2.120,back_right,194.73,0.935,9.70,24.02,0.327,1
2.140,front_left,194.17,0.810,10.07,24.02,0.284,1
2.140,front_right,169.78,1.187,8.94,24.04,0.416,1
2.140,back_left,194.52,0.808,10.08,24.02,0.283,1
2.140,back_right,191.34,0.903,9.79,24.02,0.316,1
2.160,front_left,194.56,0.874,9.88,24.02,0.306,1
2.160,front_right,170.40,1.182,8.95,24.04,0.414,1
2.160,back_left,194.67,0.827,10.02,24.02,0.289,1
2.160,back_right,192.44,0.876,9.87,24.03,0.307,1
2.180,front_left,196.49,0.822,10.03,24.02,0.288,1
2.180,front_right,171.76,1.195,8.92,24.04,0.418,1
2.180,back_left,193.29,0.802,10.09,24.02,0.281,1
2.180,back_right,193.36,0.912,9.76,24.03,0.319,1
2.200,front_left,195.47,0.839,9.98,24.02,0.293,1
2.200,front_right,174.46,1.207,8.88,24.04,0.422,1
2.200,back_left,194.02,0.867,9.90,24.02,0.304,1
2.200,back_right,192.09,0.942,9.67,24.03,0.330,1
2.220,front_left,194.67,0.827,10.02,24.02,0.290,1
2.220,front_right,174.85,1.213,8.86,24.04,0.425,1
2.220,back_left,195.09,0.866,9.90,24.02,0.303,1
2.220,back_right,194.58,0.920,9.74,24.03,0.322,1
2.240,front_left,194.32,0.804,10.09,24.02,0.281,1
2.240,front_right,171.95,1.152,9.04,24.04,0.403,1
2.240,back_left,194.25,0.886,9.84,24.02,0.310,1
2.240,back_right,194.13,0.918,9.75,24.03,0.321,1
2.260,front_left,194.58,0.870,9.89,24.02,0.304,1
2.260,front_right,172.60,1.201,8.90,24.04,0.420,1
2.260,back_left,193.50,0.879,9.86,24.02,0.308,1
2.260,back_right,191.17,0.895,9.82,24.03,0.313,1
2.280,front_left,196.52,0.833,10.00,24.02,0.292,1
2.280,front_right,173.53,1.216,8.85,24.04,0.426,1
2.280,back_left,192.65,0.844,9.97,24.02,0.296,1
2.280,back_right,190.62,0.900,9.80,24.03,0.315,1
2.300,front_left,196.21,0.811,10.07,24.02,0.284,1
2.300,front_right,173.40,1.144,9.07,24.04,0.401,1
2.300,back_left,193.83,0.933,9.70,24.03,0.326,1
2.300,back_right,193.12,0.884,9.85,24.03,0.309,1
2.320,front_left,196.28,0.835,9.99,24.02,0.292,1
2.320,front_right,175.33,1.237,8.79,24.04,0.433,1
2.320,back_left,196.15,0.800,10.10,24.03,0.280,1
2.320,back_right,192.52,0.890,9.83,24.03,0.311,1
2.340,front_left,195.17,0.848,9.95,24.02,0.297,1
2.340,front_right,176.43,1.171,8.99,24.04,0.410,1
2.340,back_left,197.09,0.867,9.90,24.03,0.304,1
2.340,back_right,194.73,0.889,9.83,24.03,0.311,1
2.360,front_left,195.64,0.891,9.83,24.02,0.312,1
2.360,front_right,172.28,1.179,8.96,24.04,0.413,1
2.360,back_left,193.71,0.865,9.91,24.03,0.303,1
2.360,back_right,192.41,0.858,9.92,24.03,0.300,1
2.380,front_left,194.53,0.834,10.00,24.03,0.292,1
2.380,front_right,175.01,1.183,8.95,24.04,0.414,1
2.380,back_left,194.89,0.846,9.96,24.03,0.296,1
2.380,back_right,194.82,0.898,9.81,24.03,0.314,1
2.400,front_left,196.28,0.837,9.99,24.03,0.293,1
2.400,front_right,176.87,1.170,8.99,24.04,0.410,1
2.400,back_left,194.93,0.859,9.92,24.03,0.301,1
2.400,back_right,195.00,0.881,9.86,24.03,0.308,1
2.420,front_left,198.23,0.843,9.97,24.03,0.295,1
2.420,front_right,177.32,1.227,8.82,24.04,0.430,1
2.420,back_left,196.30,0.844,9.97,24.03,0.295,1
2.420,back_right,192.49,0.884,9.85,24.03,0.309,1
2.440,front_left,193.39,0.822,10.03,24.03,0.288,1
2.440,front_right,174.68,1.237,8.79,24.04,0.433,1
2.440,back_left,191.23,0.855,9.94,24.03,0.299,1
2.440,back_right,193.26,0.890,9.83,24.03,0.311,1
2.460,front_left,192.51,0.840,9.98,24.03,0.294,1
2.460,front_right,175.87,1.203,8.89,24.04,0.421,1
2.460,back_left,193.35,0.863,9.91,24.03,0.302,1
2.460,back_right,194.29,0.905,9.79,24.03,0.317,1
2.480,front_left,195.39,0.854,9.94,24.03,0.299,1
2.480,front_right,177.92,1.230,8.81,24.05,0.430,1
2.480,back_left,195.62,0.931,9.71,24.03,0.326,1
2.480,back_right,194.28,0.908,9.78,24.03,0.318,1
2.500,front_left,197.18,0.818,10.05,24.03,0.286,1
2.500,front_right,177.40,1.204,8.89,24.05,0.422,1
2.500,back_left,194.53,0.794,10.12,24.03,0.278,1
2.500,back_right,192.31,0.910,9.77,24.03,0.319,1
2.520,front_left,196.10,0.839,9.98,24.03,0.294,1
2.520,front_right,175.84,1.217,8.85,24.05,0.426,1
2.520,back_left,194.90,0.871,9.89,24.03,0.305,1
2.520,back_right,192.02,0.897,9.81,24.03,0.314,1
2.540,front_left,198.17,0.842,9.97,24.03,0.295,1
2.540,front_right,182.05,1.189,8.93,24.05,0.416,1
2.540,back_left,195.49,0.841,9.98,24.03,0.295,1
2.540,back_right,190.12,0.905,9.78,24.03,0.317,1
2.560,front_left,195.48,0.829,10.01,24.03,0.290,1
2.560,front_right,178.32,1.143,9.07,24.05,0.400,1
2.560,back_left,194.30,0.820,10.04,24.03,0.287,1
2.560,back_right,195.45,0.889,9.83,24.03,0.311,1
2.580,front_left,196.63,0.797,10.11,24.03,0.279,1
2.580,front_right,176.58,1.181,8.96,24.05,0.414,1
2.580,back_left,194.55,0.815,10.06,24.03,0.285,1
2.580,back_right,194.62,0.873,9.88,24.03,0.306,1
2.600,front_left,194.69,0.814,10.06,24.03,0.285,1
2.600,front_right,177.01,1.247,8.76,24.05,0.437,1
2.600,back_left,194.89,0.875,9.88,24.03,0.306,1
2.600,back_right,193.21,0.886,9.84,24.03,0.310,1
2.620,front_left,193.98,0.854,9.94,24.03,0.299,1
2.620,front_right,178.57,1.187,8.94,24.05,0.415,1
2.620,back_left,196.91,0.906,9.78,24.03,0.317,1
2.620,back_right,193.69,0.903,9.79,24.03,0.316,1
2.640,front_left,193.50,0.875,9.87,24.03,0.306,1
2.640,front_right,180.55,1.236,8.79,24.05,0.433,1
2.640,back_left,194.87,0.860,9.92,24.03,0.301,1
2.640,back_right,195.12,0.901,9.80,24.03,0.315,1
2.660,front_left,194.20,0.818,10.05,24.03,0.286,1
2.660,front_right,184.21,1.121,9.14,24.05,0.392,1
2.660,back_left,194.36,0.838,9.98,24.03,0.293,1
2.660,back_right,194.89,0.912,9.76,24.03,0.319,1
2.680,front_left,199.54,0.806,10.08,24.03,0.282,1
2.680,front_right,178.67,1.218,8.85,24.05,0.426,1
2.680,back_left,197.13,0.852,9.94,24.03,0.298,1
2.680,back_right,192.78,0.903,9.79,24.03,0.316,1
2.700,front_left,195.30,0.836,9.99,24.03,0.293,1
2.700,front_right,179.60,1.173,8.98,24.05,0.411,1
2.700,back_left,194.55,0.843,9.97,24.03,0.295,1
2.700,back_right,194.21,0.892,9.82,24.03,0.312,1
2.720,front_left,192.88,0.830,10.01,24.03,0.290,1
2.720,front_right,178.68,1.187,8.94,24.05,0.415,1
2.720,back_left,195.91,0.864,9.91,24.03,0.303,1
2.720,back_right,192.14,0.902,9.79,24.03,0.316,1
2.740,front_left,196.26,0.857,9.93,24.03,0.300,1
2.740,front_right,180.31,1.210,8.87,24.05,0.424,1
2.740,back_left,195.76,0.866,9.90,24.03,0.303,1
2.740,back_right,193.11,0.905,9.79,24.03,0.317,1
2.760,front_left,195.82,0.856,9.93,24.03,0.300,1
2.760,front_right,179.65,1.186,8.94,24.05,0.415,1
2.760,back_left,194.95,0.894,9.82,24.03,0.313,1
2.760,back_right,193.55,0.897,9.81,24.03,0.314,1
2.780,front_left,196.65,0.810,10.07,24.03,0.283,1
2.780,front_right,179.25,1.191,8.93,24.05,0.417,1
2.780,back_left,195.42,0.835,10.00,24.03,0.292,1
2.780,back_right,194.91,0.924,9.73,24.03,0.323,1
2.800,front_left,197.43,0.854,9.94,24.03,0.299,1
2.800,front_right,179.79,1.243,8.77,24.05,0.435,1
2.800,back_left,195.03,0.847,9.96,24.03,0.297,1
2.800,back_right,195.59,0.893,9.82,24.03,0.313,1
2.820,front_left,195.89,0.833,10.00,24.03,0.292,1
2.820,front_right,180.80,1.190,8.93,24.05,0.416,1
2.820,back_left,196.09,0.876,9.87,24.03,0.307,1
2.820,back_right,193.28,0.939,9.68,24.04,0.328,1
2.840,front_left,196.08,0.842,9.97,24.03,0.295,1
2.840,front_right,180.29,1.206,8.88,24.05,0.422,1
2.840,back_left,195.50,0.878,9.87,24.03,0.307,1
2.840,back_right,192.26,0.921,9.74,24.04,0.322,1
2.860,front_left,195.53,0.815,10.06,24.03,0.285,1
2.860,front_right,180.39,1.211,8.87,24.05,0.424,1
2.860,back_left,195.50,0.861,9.92,24.03,0.302,1
2.860,back_right,194.55,0.932,9.71,24.04,0.326,1
2.880,front_left,197.05,0.840,9.98,24.03,0.294,1
2.880,front_right,182.09,1.206,8.88,24.05,0.422,1
2.880,back_left,195.72,0.857,9.93,24.03,0.300,1
2.880,back_right,195.90,0.935,9.70,24.04,0.327,1
2.900,front_left,196.65,0.869,9.89,24.03,0.304,1
2.900,front_right,178.98,1.211,8.87,24.05,0.424,1
2.900,back_left,196.35,0.876,9.87,24.03,0.307,1
2.900,back_right,196.88,0.928,9.72,24.04,0.325,1
2.920,front_left,194.70,0.850,9.95,24.03,0.298,1
2.920,front_right,182.96,1.136,9.09,24.05,0.398,1
2.920,back_left,195.02,0.822,10.03,24.03,0.288,1
2.920,back_right,195.67,0.883,9.85,24.04,0.309,1
2.940,front_left,195.82,0.845,9.97,24.03,0.296,1
2.940,front_right,181.20,1.185,8.95,24.06,0.415,1
2.940,back_left,195.67,0.829,10.01,24.03,0.290,1
2.940,back_right,192.21,0.910,9.77,24.04,0.318,1
2.960,front_left,195.10,0.870,9.89,24.03,0.304,1
2.960,front_right,181.38,1.182,8.95,24.06,0.414,1
2.960,back_left,193.97,0.877,9.87,24.03,0.307,1
2.960,back_right,192.98,0.903,9.79,24.04,0.316,1
2.980,front_left,194.20,0.831,10.01,24.03,0.291,1
2.980,front_right,179.21,1.166,9.00,24.06,0.408,1
2.980,back_left,196.61,0.867,9.90,24.03,0.303,1
2.980,back_right,193.71,0.867,9.90,24.04,0.304,1
3.000,front_left,196.24,0.845,9.97,24.03,0.296,1
3.000,front_right,179.38,1.221,8.84,24.06,0.427,1
3.000,back_left,194.56,0.869,9.89,24.03,0.304,1
3.000,back_right,194.75,0.898,9.81,24.04,0.314,1
3.020,front_left,196.19,0.799,10.10,24.03,0.280,1
3.020,front_right,178.50,1.157,9.03,24.06,0.405,1
3.020,back_left,196.75,0.887,9.84,24.03,0.311,1
3.020,back_right,194.82,0.928,9.72,24.04,0.325,1
3.040,front_left,194.06,0.785,10.15,24.03,0.275,1
3.040,front_right,180.99,1.220,8.84,24.06,0.427,1
3.040,back_left,195.79,0.865,9.91,24.04,0.303,1
3.040,back_right,195.90,0.900,9.80,24.04,0.315,1
3.060,front_left,195.23,0.877,9.87,24.03,0.307,1
3.060,front_right,180.39,1.189,8.93,24.06,0.416,1
3.060,back_left,194.84,0.869,9.89,24.04,0.304,1
3.060,back_right,195.97,0.934,9.70,24.04,0.327,1
3.080,front_left,195.57,0.871,9.89,24.03,0.305,1
3.080,front_right,180.69,1.132,9.10,24.06,0.396,1
3.080,back_left,194.42,0.888,9.84,24.04,0.311,1
3.080,back_right,188.77,0.893,9.82,24.04,0.312,1
3.100,front_left,197.31,0.823,10.03,24.03,0.288,1
3.100,front_right,181.43,1.163,9.01,24.06,0.407,1
3.100,back_left,195.49,0.850,9.95,24.04,0.297,1
3.100,back_right,195.90,0.838,9.99,24.04,0.293,1
3.120,front_left,192.91,0.790,10.13,24.03,0.276,1
3.120,front_right,180.79,1.203,8.89,24.06,0.421,1
3.120,back_left,196.22,0.871,9.89,24.04,0.305,1
3.120,back_right,192.22,0.955,9.63,24.04,0.334,1
3.140,front_left,194.99,0.840,9.98,24.04,0.294,1
3.140,front_right,184.51,1.184,8.95,24.06,0.414,1
3.140,back_left,195.98,0.860,9.92,24.04,0.301,1
3.140,back_right,194.29,0.899,9.80,24.04,0.315,1
3.160,front_left,198.04,0.828,10.02,24.04,0.290,1
3.160,front_right,182.00,1.194,8.92,24.06,0.418,1
3.160,back_left,196.72,0.845,9.97,24.04,0.296,1
3.160,back_right,193.29,0.913,9.76,24.04,0.319,1
3.180,front_left,195.51,0.856,9.93,24.04,0.300,1
3.180,front_right,179.17,1.215,8.85,24.06,0.425,1
3.180,back_left,195.92,0.851,9.95,24.04,0.298,1
3.180,back_right,195.10,0.926,9.72,24.04,0.324,1
3.200,front_left,196.62,0.840,9.98,24.04,0.294,1
3.200,front_right,182.43,1.230,8.81,24.06,0.430,1
3.200,back_left,196.80,0.828,10.02,24.04,0.290,1
3.200,back_right,195.70,0.920,9.74,24.04,0.322,1
3.220,front_left,197.81,0.834,10.00,24.04,0.292,1
3.220,front_right,182.91,1.173,8.98,24.06,0.411,1
3.220,back_left,195.79,0.839,9.98,24.04,0.294,1
3.220,back_right,193.05,0.967,9.60,24.04,0.338,1
3.240,front_left,196.21,0.820,10.04,24.04,0.287,1
3.240,front_right,180.76,1.164,9.01,24.06,0.407,1
3.240,back_left,195.17,0.891,9.83,24.04,0.312,1
3.240,back_right,194.15,0.911,9.77,24.04,0.319,1
3.260,front_left,197.21,0.806,10.08,24.04,0.282,1
3.260,front_right,183.96,1.213,8.86,24.06,0.424,1
3.260,back_left,196.02,0.826,10.02,24.04,0.289,1
3.260,back_right,192.17,0.895,9.81,24.04,0.313,1
3.280,front_left,197.17,0.818,10.05,24.04,0.286,1
3.280,front_right,182.23,1.195,8.91,24.06,0.418,1
3.280,back_left,195.21,0.892,9.82,24.04,0.312,1
3.280,back_right,194.15,0.942,9.67,24.04,0.330,1
3.300,front_left,197.61,0.822,10.03,24.04,0.288,1
3.300,front_right,182.29,1.253,8.74,24.06,0.439,1
3.300,back_left,198.40,0.928,9.72,24.04,0.325,1
3.300,back_right,193.71,0.888,9.84,24.04,0.311,1
3.320,front_left,197.92,0.882,9.86,24.04,0.309,1
3.320,front_right,183.26,1.198,8.91,24.06,0.419,1
3.320,back_left,195.11,0.845,9.96,24.04,0.296,1
3.320,back_right,193.06,0.920,9.74,24.04,0.322,1
3.340,front_left,195.03,0.892,9.82,24.04,0.312,1
3.340,front_right,181.77,1.179,8.96,24.06,0.413,1
3.340,back_left,195.46,0.851,9.95,24.04,0.298,1
3.340,back_right,194.12,0.866,9.90,24.04,0.303,1
3.360,front_left,194.69,0.831,10.01,24.04,0.291,1
3.360,front_right,181.00,1.158,9.03,24.06,0.405,1
3.360,back_left,194.20,0.877,9.87,24.04,0.307,1
3.360,back_right,192.76,0.953,9.64,24.04,0.334,1
3.380,front_left,194.69,0.836,9.99,24.04,0.292,1
3.380,front_right,180.44,1.189,8.93,24.07,0.416,1
3.380,back_left,196.24,0.919,9.74,24.04,0.322,1
3.380,back_right,191.73,0.949,9.65,24.04,0.332,1
3.400,front_left,196.41,0.842,9.97,24.04,0.295,1
3.400,front_right,182.18,1.153,9.04,24.07,0.404,1
3.400,back_left,196.13,0.853,9.94,24.04,0.299,1
3.400,back_right,194.51,0.859,9.92,24.04,0.301,1
3.420,front_left,198.64,0.866,9.90,24.04,0.303,1
3.420,front_right,183.70,1.188,8.94,24.07,0.416,1
3.420,back_left,194.63,0.836,9.99,24.04,0.293,1
3.420,back_right,191.23,0.912,9.77,24.04,0.319,1
3.440,front_left,195.86,0.843,9.97,24.04,0.295,1
3.440,front_right,183.83,1.196,8.91,24.07,0.419,1
3.440,back_left,194.53,0.823,10.03,24.04,0.288,1
3.440,back_right,193.72,0.922,9.73,24.04,0.323,1
3.460,front_left,194.42,0.859,9.92,24.04,0.301,1
3.460,front_right,184.21,1.186,8.94,24.07,0.415,1
3.460,back_left,196.52,0.850,9.95,24.04,0.297,1
3.460,back_right,195.21,0.903,9.79,24.04,0.316,1
3.480,front_left,193.97,0.797,10.11,24.04,0.279,1
3.480,front_right,180.92,1.190,8.93,24.07,0.417,1
3.480,back_left,193.75,0.873,9.88,24.04,0.306,1
3.480,back_right,194.62,0.896,9.81,24.04,0.313,1
3.500,front_left,191.92,0.144,12.07,24.04,0.051,1
3.500,front_right,180.88,0.146,12.06,24.07,0.051,1
3.500,back_left,193.21,0.084,12.25,24.04,0.030,1
3.500,back_right,193.35,0.162,12.02,24.04,0.057,1
3.520,front_left,168.79,0.095,12.21,24.04,0.033,1
3.520,front_right,157.92,0.146,12.06,24.07,0.051,1
3.520,back_left,168.81,0.101,12.20,24.04,0.035,1
3.520,back_right,167.62,0.087,12.24,24.04,0.030,1
3.540,front_left,127.26,0.096,12.21,24.04,0.034,1
3.540,front_right,120.74,0.147,12.06,24.07,0.052,1
3.540,back_left,127.66,0.103,12.19,24.04,0.036,1
3.540,back_right,128.68,0.122,12.14,24.04,0.043,1
3.560,front_left,83.17,0.116,12.15,24.04,0.041,1
3.560,front_right,82.24,0.169,11.99,24.07,0.059,1
3.560,back_left,85.90,0.028,12.42,24.04,0.010,1
3.560,back_right,87.33,0.083,12.25,24.04,0.029,1
3.580,front_left,48.78,0.094,12.22,24.04,0.033,1
3.580,front_right,47.25,0.151,12.05,24.07,0.053,1
3.580,back_left,50.32,0.088,12.24,24.04,0.031,1
3.580,back_right,51.91,0.115,12.16,24.04,0.040,1
3.600,front_left,23.50,0.117,12.15,24.04,0.041,1
3.600,front_right,24.61,0.131,12.11,24.07,0.046,1
3.600,back_left,27.88,0.112,12.16,24.04,0.039,1
3.600,back_right,28.09,0.127,12.12,24.04,0.044,1
3.620,front_left,10.51,0.110,12.17,24.04,0.039,1
3.620,front_right,11.66,0.160,12.02,24.07,0.056,1
3.620,back_left,10.23,0.085,12.25,24.04,0.030,1
3.620,back_right,13.87,0.119,12.14,24.04,0.042,1
3.640,front_left,3.17,0.073,12.28,24.04,0.025,1
3.640,front_right,3.60,0.170,11.99,24.07,0.059,1
3.640,back_left,4.07,0.074,12.28,24.04,0.026,1
3.640,back_right,4.25,0.089,12.23,24.04,0.031,1
3.660,front_left,4.53,0.090,12.23,24.04,0.031,1
3.660,front_right,2.00,0.132,12.10,24.07,0.046,1
3.660,back_left,1.37,0.096,12.21,24.04,0.034,1
3.660,back_right,-0.03,0.126,12.12,24.04,0.044,1
3.680,front_left,1.24,0.100,12.20,24.04,0.035,1
3.680,front_right,0.78,0.108,12.18,24.07,0.038,1
3.680,back_left,-0.38,0.075,12.28,24.04,0.026,1
3.680,back_right,-0.78,0.101,12.20,24.04,0.035,1
3.700,front_left,0.98,0.118,12.15,24.04,0.041,1
3.700,front_right,-0.55,0.137,12.09,24.07,0.048,1
3.700,back_left,0.01,0.127,12.12,24.04,0.045,1
3.700,back_right,-0.02,0.098,12.21,24.04,0.034,1
3.720,front_left,-1.10,0.107,12.18,24.04,0.037,1
3.720,front_right,0.96,0.198,11.91,24.07,0.069,1
3.720,back_left,3.18,0.084,12.25,24.04,0.029,1
3.720,back_right,-0.18,0.139,12.08,24.04,0.049,1
3.740,front_left,0.79,0.105,12.18,24.04,0.037,1
3.740,front_right,-1.90,0.169,11.99,24.07,0.059,1
3.740,back_left,1.04,0.069,12.29,24.04,0.024,1
3.740,back_right,1.68,0.089,12.23,24.04,0.031,1
3.760,front_left,-1.84,0.117,12.15,24.04,0.041,1
3.760,front_right,2.10,0.186,11.94,24.07,0.065,1
3.760,back_left,0.99,0.106,12.18,24.04,0.037,1
3.760,back_right,0.06,0.128,12.12,24.04,0.045,1
3.780,front_left,1.20,0.118,12.15,24.04,0.041,1
3.780,front_right,1.31,0.157,12.03,24.07,0.055,1
3.780,back_left,0.60,0.126,12.12,24.04,0.044,1
3.780,back_right,0.61,0.098,12.21,24.04,0.034,1
3.800,front_left,-1.59,0.124,12.13,24.04,0.043,1
3.800,front_right,-2.31,0.130,12.11,24.07,0.046,1
3.800,back_left,0.31,0.120,12.14,24.04,0.042,1
3.800,back_right,0.72,0.102,12.19,24.04,0.036,1
3.820,front_left,-0.58,0.080,12.26,24.04,0.028,1
3.820,front_right,0.46,0.143,12.07,24.07,0.050,1
3.820,back_left,-1.37,0.075,12.27,24.04,0.026,1
3.820,back_right,0.90,0.176,11.97,24.04,0.062,1
3.840,front_left,-0.43,0.071,12.29,24.04,0.025,1
3.840,front_right,1.20,0.155,12.04,24.07,0.054,1
3.840,back_left,-1.58,0.156,12.03,24.04,0.055,1
3.840,back_right,0.29,0.135,12.10,24.04,0.047,1
3.860,front_left,0.10,0.090,12.23,24.04,0.031,1
3.860,front_right,-1.80,0.142,12.07,24.07,0.050,1
3.860,back_left,-0.88,0.083,12.25,24.04,0.029,1
3.860,back_right,-0.96,0.099,12.20,24.04,0.035,1
3.880,front_left,-0.65,0.122,12.13,24.04,0.043,1
3.880,front_right,1.55,0.108,12.18,24.07,0.038,1
3.880,back_left,-0.23,0.137,12.09,24.04,0.048,1
3.880,back_right,-0.47,0.115,12.16,24.04,0.040,1
3.900,front_left,-0.42,0.118,12.15,24.04,0.041,1
3.900,front_right,-0.98,0.090,12.23,24.07,0.031,1
3.900,back_left,-1.60,0.094,12.22,24.04,0.033,1
3.900,back_right,1.81,0.089,12.23,24.04,0.031,1
3.920,front_left,-0.94,0.086,12.24,24.04,0.030,1
3.920,front_right,0.21,0.141,12.08,24.07,0.049,1
3.920,back_left,-1.53,0.085,12.25,24.04,0.030,1
3.920,back_right,-0.34,0.100,12.20,24.04,0.035,1
3.940,front_left,0.68,0.078,12.26,24.04,0.027,1
3.940,front_right,-0.22,0.153,12.04,24.07,0.054,1
3.940,back_left,0.48,0.086,12.24,24.04,0.030,1
3.940,back_right,1.03,0.096,12.21,24.04,0.034,1
3.960,front_left,-1.26,0.035,12.39,24.04,0.012,1
3.960,front_right,0.00,0.177,11.97,24.07,0.062,1
3.960,back_left,-2.63,0.119,12.14,24.04,0.042,1
3.960,back_right,-0.70,0.140,12.08,24.04,0.049,1
3.980,front_left,2.27,0.124,12.13,24.04,0.043,1
3.980,front_right,-2.43,0.149,12.05,24.07,0.052,1
3.980,back_left,0.06,0.122,12.13,24.04,0.043,1
3.980,back_right,-0.59,0.109,12.17,24.04,0.038,1
4.000,front_left,0.77,0.119,12.14,24.04,0.042,1
4.000,front_right,1.19,0.122,12.13,24.07,0.043,1
4.000,back_left,2.09,0.089,12.23,24.04,0.031,1
4.000,back_right,1.19,0.114,12.16,24.04,0.040,1
4.020,front_left,2.39,0.133,12.10,24.04,0.047,1
4.020,front_right,-0.50,0.149,12.05,24.07,0.052,1
4.020,back_left,-1.26,0.146,12.06,24.04,0.051,1
4.020,back_right,0.09,0.079,12.26,24.04,0.028,1
4.040,front_left,-0.56,0.122,12.13,24.04,0.043,1
4.040,front_right,0.38,0.203,11.89,24.07,0.071,1
4.040,back_left,-2.85,0.088,12.24,24.04,0.031,1
4.040,back_right,0.96,0.151,12.05,24.04,0.053,1
4.060,front_left,0.76,0.092,12.22,24.04,0.032,1
4.060,front_right,2.54,0.131,12.11,24.07,0.046,1
4.060,back_left,-0.45,0.078,12.27,24.04,0.027,1
4.060,back_right,0.36,0.113,12.16,24.04,0.040,1
4.080,front_left,1.92,0.112,12.16,24.04,0.039,1
4.080,front_right,0.82,0.106,12.18,24.07,0.037,1
4.080,back_left,0.19,0.072,12.28,24.04,0.025,1
4.080,back_right,-1.09,0.089,12.23,24.04,0.031,1
4.100,front_left,0.73,0.098,12.21,24.04,0.034,1
4.100,front_right,1.04,0.168,12.00,24.07,0.059,1
4.100,back_left,1.94,0.058,12.32,24.04,0.020,1
4.100,back_right,-1.01,0.117,12.15,24.04,0.041,1
4.120,front_left,0.01,0.098,12.21,24.04,0.034,1
4.120,front_right,2.55,0.149,12.05,24.07,0.052,1
4.120,back_left,-0.96,0.062,12.31,24.04,0.022,1
4.120,back_right,-0.73,0.079,12.26,24.04,0.028,1
4.140,front_left,-0.26,0.101,12.20,24.04,0.035,1
4.140,front_right,0.72,0.102,12.19,24.07,0.036,1
4.140,back_left,-0.43,0.106,12.18,24.04,0.037,1
4.140,back_right,-1.98,0.093,12.22,24.04,0.033,1
4.160,front_left,1.52,0.082,12.25,24.04,0.029,1
4.160,front_right,-0.76,0.132,12.11,24.07,0.046,1
4.160,back_left,-0.09,0.070,12.29,24.04,0.024,1
4.160,back_right,-0.27,0.104,12.19,24.04,0.036,1
4.180,front_left,2.30,0.102,12.19,24.04,0.036,1
4.180,front_right,-0.14,0.148,12.05,24.07,0.052,1
4.180,back_left,0.91,0.088,12.24,24.04,0.031,1
4.180,back_right,-1.44,0.142,12.07,24.04,0.050,1
4.200,front_left,0.24,0.146,12.06,24.04,0.051,1
4.200,front_right,-0.14,0.186,11.94,24.07,0.065,1
4.200,back_left,-0.11,0.067,12.30,24.04,0.023,1
4.200,back_right,1.01,0.124,12.13,24.04,0.043,1
4.220,front_left,0.70,0.097,12.21,24.04,0.034,1
4.220,front_right,-0.81,0.153,12.04,24.07,0.053,1
4.220,back_left,0.47,0.101,12.20,24.04,0.036,1
4.220,back_right,-0.20,0.131,12.11,24.04,0.046,1
4.240,front_left,-1.80,0.128,12.12,24.04,0.045,1
4.240,front_right,0.85,0.126,12.12,24.07,0.044,1
4.240,back_left,0.45,0.122,12.13,24.04,0.043,1
4.240,back_right,1.37,0.112,12.16,24.04,0.039,1
4.260,front_left,3.29,0.068,12.30,24.04,0.024,1
4.260,front_right,-0.83,0.150,12.05,24.07,0.053,1
4.260,back_left,-0.70,0.102,12.20,24.04,0.036,1
4.260,back_right,0.54,0.125,12.12,24.04,0.044,1
4.280,front_left,0.38,0.117,12.15,24.04,0.041,1
4.280,front_right,-3.46,0.182,11.95,24.07,0.064,1
4.280,back_left,-3.05,0.081,12.26,24.04,0.028,1
4.280,back_right,0.49,0.077,12.27,24.04,0.027,1
4.300,front_left,1.55,0.058,12.33,24.04,0.020,1
4.300,front_right,-0.69,0.156,12.03,24.07,0.055,1
4.300,back_left,1.85,0.080,12.26,24.04,0.028,1
4.300,back_right,1.30,0.135,12.10,24.04,0.047,1
4.320,front_left,0.54,0.091,12.23,24.04,0.032,1
4.320,front_right,1.78,0.123,12.13,24.07,0.043,1
4.320,back_left,-2.46,0.136,12.09,24.04,0.047,1
4.320,back_right,0.69,0.095,12.22,24.04,0.033,1
4.340,front_left,1.38,0.100,12.20,24.04,0.035,1
4.340,front_right,0.29,0.148,12.05,24.07,0.052,1
4.340,back_left,3.26,0.117,12.15,24.04,0.041,1
4.340,back_right,2.30,0.067,12.30,24.04,0.023,1
4.360,front_left,1.19,0.062,12.31,24.04,0.022,1
4.360,front_right,-0.60,0.170,11.99,24.07,0.060,1
4.360,back_left,-0.64,0.076,12.27,24.04,0.027,1
4.360,back_right,-0.36,0.081,12.26,24.04,0.029,1
4.380,front_left,-1.82,0.113,12.16,24.04,0.040,1
4.380,front_right,0.16,0.140,12.08,24.07,0.049,1
4.380,back_left,-1.11,0.081,12.26,24.04,0.028,1
4.380,back_right,2.78,0.102,12.19,24.04,0.036,1
4.400,front_left,-2.50,0.111,12.17,24.04,0.039,1
4.400,front_right,-0.17,0.120,12.14,24.07,0.042,1
4.400,back_left,-0.37,0.083,12.25,24.04,0.029,1
4.400,back_right,0.39,0.081,12.26,24.04,0.029,1
4.420,front_left,-0.55,0.135,12.10,24.04,0.047,1
4.420,front_right,0.16,0.159,12.02,24.07,0.056,1
4.420,back_left,-0.15,0.113,12.16,24.04,0.040,1
4.420,back_right,-0.93,0.122,12.13,24.04,0.043,1
4.440,front_left,1.08,0.122,12.14,24.04,0.043,1
4.440,front_right,-0.77,0.151,12.05,24.07,0.053,1
4.440,back_left,-0.21,0.092,12.22,24.04,0.032,1
4.440,back_right,0.54,0.056,12.33,24.04,0.020,1
4.460,front_left,-0.49,0.115,12.15,24.04,0.040,1
4.460,front_right,5.19,0.176,11.97,24.07,0.062,1
4.460,back_left,-1.23,0.120,12.14,24.04,0.042,1
4.460,back_right,2.40,0.100,12.20,24.04,0.035,1
4.480,front_left,-0.04,0.101,12.20,24.04,0.035,1
4.480,front_right,-0.23,0.109,12.17,24.07,0.038,1
4.480,back_left,2.93,0.070,12.29,24.04,0.025,1
4.480,back_right,-0.55,0.113,12.16,24.04,0.040,1
4.500,front_left,1.73,0.859,9.92,24.04,0.301,1
4.500,front_right,0.10,1.178,8.97,24.07,0.412,1
4.500,back_left,1.72,0.862,9.91,24.04,0.302,1
4.500,back_right,0.66,0.930,9.71,24.05,0.326,1
4.520,front_left,-14.69,0.807,10.08,24.04,0.282,1
4.520,front_right,-5.83,1.171,8.99,24.07,0.410,1
4.520,back_left,-11.26,0.898,9.80,24.04,0.314,1
4.520,back_right,-13.73,0.924,9.73,24.05,0.323,1
4.540,front_left,-28.06,0.852,9.94,24.04,0.298,1
4.540,front_right,-13.22,1.180,8.96,24.07,0.413,1
4.540,back_left,-23.22,0.852,9.94,24.04,0.298,1
4.540,back_right,-21.40,0.907,9.78,24.05,0.317,1
4.560,front_left,-37.06,0.769,10.19,24.04,0.269,1
4.560,front_right,-14.79,1.223,8.83,24.07,0.428,1
4.560,back_left,-33.51,0.852,9.95,24.04,0.298,1
4.560,back_right,-31.82,0.904,9.79,24.05,0.316,1
4.580,front_left,-50.98,0.865,9.91,24.04,0.303,1
4.580,front_right,-21.64,1.158,9.03,24.07,0.405,1
4.580,back_left,-44.00,0.864,9.91,24.04,0.303,1
4.580,back_right,-40.28,0.883,9.85,24.05,0.309,1
4.600,front_left,-58.39,0.794,10.12,24.04,0.278,1
4.600,front_right,-28.54,1.191,8.93,24.07,0.417,1
4.600,back_left,-57.51,0.854,9.94,24.04,0.299,1
4.600,back_right,-48.88,0.921,9.74,24.05,0.322,1
4.620,front_left,-69.41,0.823,10.03,24.04,0.288,1
4.620,front_right,-32.65,1.195,8.92,24.07,0.418,1
4.620,back_left,-63.16,0.818,10.05,24.04,0.286,1
4.620,back_right,-56.63,0.930,9.71,24.05,0.326,1
4.640,front_left,-77.10,0.809,10.07,24.04,0.283,1
4.640,front_right,-35.79,1.141,9.08,24.07,0.399,1
4.640,back_left,-72.96,0.871,9.89,24.04,0.305,1
4.640,back_right,-65.31,0.925,9.73,24.05,0.324,1
4.660,front_left,-86.14,0.797,10.11,24.04,0.279,1
4.660,front_right,-42.60,1.171,8.99,24.07,0.410,1
4.660,back_left,-80.91,0.836,9.99,24.04,0.292,1
4.660,back_right,-75.96,0.927,9.72,24.05,0.325,1
4.680,front_left,-93.54,0.848,9.96,24.04,0.297,1
4.680,front_right,-44.78,1.124,9.13,24.07,0.393,1
4.680,back_left,-91.08,0.891,9.83,24.04,0.312,1
4.680,back_right,-78.04,0.909,9.77,24.05,0.318,1
4.700,front_left,-100.41,0.802,10.09,24.04,0.281,1
4.700,front_right,-49.70,1.201,8.90,24.07,0.420,1
4.700,back_left,-96.37,0.796,10.11,24.04,0.279,1
4.700,back_right,-88.21,0.907,9.78,24.05,0.317,1
4.720,front_left,-107.01,0.839,9.98,24.04,0.294,1
4.720,front_right,-55.13,1.216,8.85,24.07,0.425,1
4.720,back_left,-104.56,0.807,10.08,24.04,0.282,1
4.720,back_right,-92.27,0.926,9.72,24.05,0.324,1
4.740,front_left,-115.41,0.855,9.93,24.04,0.299,1
4.740,front_right,-58.37,1.214,8.86,24.07,0.425,1
4.740,back_left,-107.11,0.815,10.06,24.04,0.285,1
4.740,back_right,-97.58,0.939,9.68,24.05,0.329,1
4.760,front_left,-117.81,0.865,9.90,24.04,0.303,1
4.760,front_right,-64.51,1.154,9.04,24.07,0.404,1
4.760,back_left,-117.38,0.852,9.94,24.05,0.298,1
4.760,back_right,-104.24,0.913,9.76,24.05,0.320,1
4.780,front_left,-125.83,0.868,9.89,24.04,0.304,1
4.780,front_right,-69.26,1.207,8.88,24.07,0.422,1
4.780,back_left,-119.04,0.928,9.72,24.05,0.325,1
4.780,back_right,-107.76,0.960,9.62,24.05,0.336,1
4.800,front_left,-129.81,0.857,9.93,24.04,0.300,1
4.800,front_right,-69.08,1.232,8.80,24.07,0.431,1
4.800,back_left,-128.64,0.825,10.02,24.05,0.289,1
4.800,back_right,-114.02,0.884,9.85,24.05,0.309,1
4.820,front_left,-133.01,0.869,9.89,24.04,0.304,1
4.820,front_right,-75.90,1.163,9.01,24.08,0.407,1
4.820,back_left,-129.52,0.835,10.00,24.05,0.292,1
4.820,back_right,-119.75,0.914,9.76,24.05,0.320,1
4.840,front_left,-138.97,0.832,10.00,24.04,0.291,1
4.840,front_right,-80.00,1.138,9.09,24.08,0.398,1
4.840,back_left,-136.15,0.824,10.03,24.05,0.289,1
4.840,back_right,-119.96,0.912,9.77,24.05,0.319,1
4.860,front_left,-140.58,0.870,9.89,24.04,0.304,1
4.860,front_right,-81.67,1.212,8.86,24.08,0.424,1
4.860,back_left,-137.92,0.861,9.92,24.05,0.301,1
4.860,back_right,-126.19,0.913,9.76,24.05,0.320,1
4.880,front_left,-146.53,0.896,9.81,24.05,0.314,1
4.880,front_right,-85.32,1.211,8.87,24.08,0.424,1
4.880,back_left,-141.60,0.876,9.87,24.05,0.307,1
4.880,back_right,-128.96,0.847,9.96,24.05,0.296,1
4.900,front_left,-147.25,0.832,10.00,24.05,0.291,1
4.900,front_right,-87.51,1.166,9.00,24.08,0.408,1
4.900,back_left,-147.08,0.849,9.95,24.05,0.297,1
4.900,back_right,-131.80,0.938,9.69,24.05,0.328,1
4.920,front_left,-152.58,0.847,9.96,24.05,0.297,1
4.920,front_right,-91.07,1.216,8.85,24.08,0.425,1
4.920,back_left,-149.99,0.880,9.86,24.05,0.308,1
4.920,back_right,-138.21,0.903,9.79,24.05,0.316,1
4.940,front_left,-155.31,0.816,10.05,24.05,0.285,1
4.940,front_right,-97.68,1.209,8.87,24.08,0.423,1
4.940,back_left,-152.28,0.883,9.85,24.05,0.309,1
4.940,back_right,-141.94,0.875,9.88,24.05,0.306,1
4.960,front_left,-158.15,0.841,9.98,24.05,0.294,1
4.960,front_right,-95.39,1.173,8.98,24.08,0.411,1
4.960,back_left,-155.13,0.863,9.91,24.05,0.302,1
4.960,back_right,-143.95,0.875,9.88,24.05,0.306,1
4.980,front_left,-161.61,0.857,9.93,24.05,0.300,1
4.980,front_right,-98.79,1.233,8.80,24.08,0.431,1
4.980,back_left,-157.35,0.811,10.07,24.05,0.284,1
4.980,back_right,-146.27,0.898,9.80,24.05,0.314,1
5.000,front_left,-161.63,0.848,9.96,24.05,0.297,1
5.000,front_right,-101.75,1.175,8.98,24.08,0.411,1
5.000,back_left,-157.14,0.852,9.94,24.05,0.298,1
5.000,back_right,-149.85,0.930,9.71,24.05,0.325,1
5.020,front_left,-164.97,0.846,9.96,24.05,0.296,1
5.020,front_right,-105.11,1.215,8.85,24.08,0.425,1
5.020,back_left,-161.30,0.862,9.91,24.05,0.302,1
5.020,back_right,-152.64,0.909,9.77,24.05,0.318,1
5.040,front_left,-168.88,0.799,10.10,24.05,0.280,1
5.040,front_right,-109.39,1.152,9.04,24.08,0.403,1
5.040,back_left,-163.82,0.864,9.91,24.05,0.302,1
5.040,back_right,-155.14,0.933,9.70,24.05,0.327,1
5.060,front_left,-169.82,0.821,10.04,24.05,0.287,1
5.060,front_right,-107.99,1.213,8.86,24.08,0.424,1
5.060,back_left,-167.98,0.847,9.96,24.05,0.297,1
5.060,back_right,-158.02,0.920,9.74,24.05,0.322,1
5.080,front_left,-170.95,0.869,9.89,24.05,0.304,1
5.080,front_right,-112.26,1.212,8.87,24.08,0.424,1
5.080,back_left,-169.59,0.896,9.81,24.05,0.314,1
5.080,back_right,-158.05,0.926,9.72,24.05,0.324,1
5.100,front_left,-172.78,0.800,10.10,24.05,0.280,1
5.100,front_right,-114.66,1.263,8.71,24.08,0.442,1
5.100,back_left,-172.41,0.835,9.99,24.05,0.292,1
5.100,back_right,-161.78,0.895,9.81,24.05,0.313,1
5.120,front_left,-175.22,0.813,10.06,24.05,0.284,1
5.120,front_right,-118.44,1.192,8.92,24.08,0.417,1
5.120,back_left,-172.42,0.908,9.78,24.05,0.318,1
5.120,back_right,-163.69,0.897,9.81,24.05,0.314,1
5.140,front_left,-177.22,0.785,10.15,24.05,0.275,1
5.140,front_right,-119.58,1.192,8.92,24.08,0.417,1
5.140,back_left,-175.94,0.845,9.96,24.05,0.296,1
5.140,back_right,-163.32,0.874,9.88,24.05,0.306,1
5.160,front_left,-178.53,0.829,10.01,24.05,0.290,1
5.160,front_right,-120.08,1.220,8.84,24.08,0.427,1
5.160,back_left,-174.47,0.899,9.80,24.05,0.315,1
5.160,back_right,-164.82,0.901,9.80,24.06,0.315,1
5.180,front_left,-179.03,0.833,10.00,24.05,0.291,1
5.180,front_right,-121.82,1.219,8.84,24.08,0.427,1
5.180,back_left,-174.60,0.871,9.89,24.05,0.305,1
5.180,back_right,-169.89,0.920,9.74,24.06,0.322,1
5.200,front_left,-179.20,0.840,9.98,24.05,0.294,1
5.200,front_right,-125.19,1.162,9.01,24.08,0.407,1
5.200,back_left,-176.63,0.863,9.91,24.05,0.302,1
5.200,back_right,-170.48,0.894,9.82,24.06,0.313,1
5.220,front_left,-184.06,0.886,9.84,24.05,0.310,1
5.220,front_right,-128.41,1.182,8.95,24.08,0.414,1
5.220,back_left,-177.05,0.823,10.03,24.05,0.288,1
5.220,back_right,-168.05,0.928,9.72,24.06,0.325,1
5.240,front_left,-182.62,0.812,10.06,24.05,0.284,1
5.240,front_right,-129.17,1.150,9.05,24.08,0.403,1
5.240,back_left,-178.50,0.832,10.00,24.05,0.291,1
5.240,back_right,-170.73,0.881,9.86,24.06,0.308,1
5.260,front_left,-184.73,0.827,10.02,24.05,0.289,1
5.260,front_right,-132.87,1.187,8.94,24.09,0.415,1
5.260,back_left,-180.15,0.873,9.88,24.05,0.305,1
5.260,back_right,-173.11,0.914,9.76,24.06,0.320,1
5.280,front_left,-182.74,0.818,10.05,24.05,0.286,1
5.280,front_right,-133.12,1.204,8.89,24.09,0.421,1
5.280,back_left,-181.50,0.889,9.83,24.05,0.311,1
5.280,back_right,-176.34,0.922,9.73,24.06,0.323,1
5.300,front_left,-187.26,0.883,9.85,24.05,0.309,1
5.300,front_right,-136.73,1.240,8.78,24.09,0.434,1
5.300,back_left,-183.32,0.905,9.79,24.05,0.317,1
5.300,back_right,-176.46,0.928,9.71,24.06,0.325,1
5.320,front_left,-185.31,0.815,10.06,24.05,0.285,1
5.320,front_right,-138.04,1.173,8.98,24.09,0.411,1
5.320,back_left,-185.61,0.843,9.97,24.05,0.295,1
5.320,back_right,-175.52,0.926,9.72,24.06,0.324,1
5.340,front_left,-186.13,0.836,9.99,24.05,0.293,1
5.340,front_right,-135.35,1.223,8.83,24.09,0.428,1
5.340,back_left,-185.80,0.862,9.92,24.05,0.302,1
5.340,back_right,-177.83,0.923,9.73,24.06,0.323,1
5.360,front_left,-186.16,0.819,10.04,24.05,0.287,1
5.360,front_right,-140.56,1.180,8.96,24.09,0.413,1
5.360,back_left,-181.71,0.858,9.93,24.05,0.300,1
5.360,back_right,-177.18,0.894,9.82,24.06,0.313,1
5.380,front_left,-190.73,0.843,9.97,24.05,0.295,1
5.380,front_right,-140.52,1.194,8.92,24.09,0.418,1
5.380,back_left,-184.15,0.832,10.00,24.05,0.291,1
5.380,back_right,-180.96,0.853,9.94,24.06,0.298,1
5.400,front_left,-189.75,0.851,9.95,24.05,0.298,1
5.400,front_right,-143.25,1.198,8.91,24.09,0.419,1
5.400,back_left,-187.46,0.862,9.91,24.05,0.302,1
5.400,back_right,-179.71,0.905,9.78,24.06,0.317,1
5.420,front_left,-188.80,0.876,9.87,24.05,0.307,1
5.420,front_right,-142.99,1.135,9.09,24.09,0.397,1
5.420,back_left,-185.15,0.851,9.95,24.05,0.298,1
5.420,back_right,-181.39,0.894,9.82,24.06,0.313,1
5.440,front_left,-189.88,0.802,10.09,24.05,0.281,1
5.440,front_right,-147.80,1.168,9.00,24.09,0.409,1
5.440,back_left,-186.32,0.886,9.84,24.05,0.310,1
5.440,back_right,-182.39,0.932,9.70,24.06,0.326,1
5.460,front_left,-188.37,0.881,9.86,24.05,0.308,1
5.460,front_right,-143.31,1.212,8.86,24.09,0.424,1
5.460,back_left,-186.16,0.888,9.84,24.05,0.311,1
5.460,back_right,-181.39,0.894,9.82,24.06,0.313,1
5.480,front_left,-191.03,0.839,9.98,24.05,0.294,1
5.480,front_right,-151.00,1.184,8.95,24.09,0.414,1
5.480,back_left,-188.72,0.856,9.93,24.05,0.300,1
5.480,back_right,-182.10,0.895,9.81,24.06,0.313,1
5.500,front_left,-190.55,0.851,9.95,24.05,0.298,1
5.500,front_right,-147.35,1.169,8.99,24.09,0.409,1
5.500,back_left,-186.07,0.894,9.82,24.06,0.313,1
5.500,back_right,-184.39,0.902,9.80,24.06,0.316,1
5.520,front_left,-190.06,0.862,9.91,24.05,0.302,1
5.520,front_right,-149.93,1.173,8.98,24.09,0.411,1
5.520,back_left,-192.32,0.875,9.87,24.06,0.306,1
5.520,back_right,-185.95,0.898,9.81,24.06,0.314,1
5.540,front_left,-191.42,0.800,10.10,24.05,0.280,1
5.540,front_right,-149.98,1.237,8.79,24.09,0.433,1
5.540,back_left,-189.34,0.895,9.81,24.06,0.313,1
5.540,back_right,-182.80,0.882,9.86,24.06,0.309,1
5.560,front_left,-187.68,0.825,10.03,24.05,0.289,1
5.560,front_right,-153.20,1.183,8.95,24.09,0.414,1
5.560,back_left,-188.05,0.870,9.89,24.06,0.304,1
5.560,back_right,-184.23,0.942,9.67,24.06,0.330,1
5.580,front_left,-194.05,0.804,10.09,24.05,0.281,1
5.580,front_right,-152.04,1.187,8.94,24.09,0.415,1
5.580,back_left,-191.28,0.843,9.97,24.06,0.295,1
5.580,back_right,-185.10,0.865,9.90,24.06,0.303,1
5.600,front_left,-190.92,0.823,10.03,24.05,0.288,1
5.600,front_right,-152.36,1.196,8.91,24.09,0.419,1
5.600,back_left,-191.12,0.866,9.90,24.06,0.303,1
5.600,back_right,-187.27,0.884,9.85,24.06,0.309,1
5.620,front_left,-191.62,0.811,10.07,24.05,0.284,1
5.620,front_right,-157.63,1.206,8.88,24.09,0.422,1
5.620,back_left,-190.55,0.806,10.08,24.06,0.282,1
5.620,back_right,-187.43,0.871,9.89,24.06,0.305,1
5.640,front_left,-192.75,0.793,10.12,24.06,0.278,1
5.640,front_right,-156.32,1.179,8.96,24.09,0.413,1
5.640,back_left,-191.66,0.910,9.77,24.06,0.319,1
5.640,back_right,-186.55,0.879,9.86,24.06,0.308,1
5.660,front_left,-191.67,0.822,10.03,24.06,0.288,1
5.660,front_right,-156.89,1.161,9.02,24.09,0.406,1
5.660,back_left,-189.99,0.872,9.89,24.06,0.305,1
5.660,back_right,-189.01,0.881,9.86,24.06,0.308,1
5.680,front_left,-192.83,0.843,9.97,24.06,0.295,1
5.680,front_right,-156.53,1.186,8.94,24.09,0.415,1
5.680,back_left,-189.27,0.883,9.85,24.06,0.309,1
5.680,back_right,-188.07,0.886,9.84,24.06,0.310,1
5.700,front_left,-193.97,0.806,10.08,24.06,0.282,1
5.700,front_right,-157.84,1.204,8.89,24.09,0.421,1
5.700,back_left,-192.42,0.803,10.09,24.06,0.281,1
5.700,back_right,-189.85,0.865,9.90,24.06,0.303,1
5.720,front_left,-193.15,0.826,10.02,24.06,0.289,1
5.720,front_right,-158.44,1.219,8.84,24.10,0.427,1
5.720,back_left,-191.74,0.844,9.97,24.06,0.296,1
5.720,back_right,-188.52,0.922,9.73,24.06,0.323,1
5.740,front_left,-192.02,0.768,10.20,24.06,0.269,1
5.740,front_right,-161.43,1.207,8.88,24.10,0.422,1
5.740,back_left,-193.43,0.851,9.95,24.06,0.298,1
5.740,back_right,-187.77,0.879,9.86,24.06,0.308,1
5.760,front_left,-194.57,0.840,9.98,24.06,0.294,1
5.760,front_right,-163.19,1.200,8.90,24.10,0.420,1
5.760,back_left,-193.36,0.832,10.00,24.06,0.291,1
5.760,back_right,-188.31,0.909,9.77,24.06,0.318,1
5.780,front_left,-194.32,0.829,10.01,24.06,0.290,1
5.780,front_right,-161.95,1.193,8.92,24.10,0.417,1
5.780,back_left,-192.10,0.825,10.02,24.06,0.289,1
5.780,back_right,-189.80,0.893,9.82,24.06,0.312,1
5.800,front_left,-193.54,0.795,10.12,24.06,0.278,1
5.800,front_right,-161.57,1.196,8.91,24.10,0.419,1
5.800,back_left,-191.93,0.877,9.87,24.06,0.307,1
5.800,back_right,-190.64,0.855,9.94,24.06,0.299,1
5.820,front_left,-196.58,0.876,9.87,24.06,0.306,1
5.820,front_right,-164.82,1.233,8.80,24.10,0.431,1
5.820,back_left,-190.65,0.864,9.91,24.06,0.302,1
5.820,back_right,-188.40,0.908,9.78,24.07,0.318,1
5.840,front_left,-196.35,0.871,9.89,24.06,0.305,1
5.840,front_right,-165.17,1.194,8.92,24.10,0.418,1
5.840,back_left,-193.75,0.846,9.96,24.06,0.296,1
5.840,back_right,-189.88,0.889,9.83,24.07,0.311,1
5.860,front_left,-195.21,0.877,9.87,24.06,0.307,1
5.860,front_right,-164.25,1.197,8.91,24.10,0.419,1
5.860,back_left,-193.93,0.893,9.82,24.06,0.313,1
5.860,back_right,-189.39,0.891,9.83,24.07,0.312,1
5.880,front_left,-193.72,0.853,9.94,24.06,0.299,1
5.880,front_right,-164.02,1.195,8.91,24.10,0.418,1
5.880,back_left,-192.66,0.839,9.98,24.06,0.293,1
5.880,back_right,-188.83,0.902,9.79,24.07,0.316,1
5.900,front_left,-197.12,0.870,9.89,24.06,0.305,1
5.900,front_right,-166.45,1.226,8.82,24.10,0.429,1
5.900,back_left,-194.12,0.829,10.01,24.06,0.290,1
5.900,back_right,-192.63,0.907,9.78,24.07,0.317,1
5.920,front_left,-194.58,0.828,10.02,24.06,0.290,1
5.920,front_right,-165.67,1.167,9.00,24.10,0.409,1
5.920,back_left,-192.39,0.874,9.88,24.06,0.306,1
5.920,back_right,-193.82,0.914,9.76,24.07,0.320,1
5.940,front_left,-197.58,0.850,9.95,24.06,0.298,1
5.940,front_right,-166.24,1.173,8.98,24.10,0.410,1
5.940,back_left,-195.49,0.849,9.95,24.06,0.297,1
5.940,back_right,-191.21,0.921,9.74,24.07,0.322,1
5.960,front_left,-193.49,0.835,9.99,24.06,0.292,1
5.960,front_right,-167.00,1.166,9.00,24.10,0.408,1
5.960,back_left,-196.01,0.886,9.84,24.06,0.310,1
5.960,back_right,-189.47,0.904,9.79,24.07,0.316,1
5.980,front_left,-193.80,0.876,9.87,24.06,0.306,1
5.980,front_right,-166.81,1.240,8.78,24.10,0.434,1
5.980,back_left,-194.56,0.877,9.87,24.06,0.307,1
5.980,back_right,-193.07,0.880,9.86,24.07,0.308,1
6.000,front_left,-194.50,0.870,9.89,24.06,0.304,1
6.000,front_right,-167.10,1.186,8.94,24.10,0.415,1
6.000,back_left,-194.77,0.880,9.86,24.06,0.308,1
6.000,back_right,-188.66,0.889,9.83,24.07,0.311,1
6.020,front_left,-195.43,0.847,9.96,24.06,0.296,1
6.020,front_right,-169.66,1.160,9.02,24.10,0.406,1
6.020,back_left,-194.13,0.855,9.93,24.06,0.299,1
6.020,back_right,-190.42,0.911,9.77,24.07,0.319,1
6.040,front_left,-193.85,0.842,9.97,24.06,0.295,1
6.040,front_right,-169.80,1.209,8.87,24.10,0.423,1
6.040,back_left,-193.27,0.867,9.90,24.06,0.304,1
6.040,back_right,-190.07,0.899,9.80,24.07,0.315,1
6.060,front_left,-193.43,0.849,9.95,24.06,0.297,1
6.060,front_right,-168.75,1.202,8.89,24.10,0.421,1
6.060,back_left,-195.15,0.884,9.85,24.06,0.310,1
6.060,back_right,-191.36,0.933,9.70,24.07,0.326,1
6.080,front_left,-195.45,0.798,10.11,24.06,0.279,1
6.080,front_right,-171.26,1.182,8.95,24.10,0.414,1
6.080,back_left,-194.52,0.806,10.08,24.06,0.282,1
6.080,back_right,-192.65,0.905,9.79,24.07,0.317,1
6.100,front_left,-197.40,0.838,9.98,24.06,0.293,1
6.100,front_right,-170.32,1.182,8.96,24.10,0.414,1
6.100,back_left,-193.39,0.834,10.00,24.06,0.292,1
6.100,back_right,-190.38,0.901,9.80,24.07,0.315,1
6.120,front_left,-194.66,0.822,10.03,24.06,0.288,1
6.120,front_right,-172.62,1.175,8.98,24.10,0.411,1
6.120,back_left,-193.65,0.863,9.91,24.06,0.302,1
6.120,back_right,-191.04,0.910,9.77,24.07,0.319,1
6.140,front_left,-196.19,0.829,10.01,24.06,0.290,1
6.140,front_right,-172.94,1.171,8.99,24.10,0.410,1
6.140,back_left,-192.77,0.836,9.99,24.06,0.293,1
6.140,back_right,-193.46,0.852,9.95,24.07,0.298,1
6.160,front_left,-197.54,0.761,10.22,24.06,0.266,1
6.160,front_right,-171.02,1.190,8.93,24.11,0.417,1
6.160,back_left,-195.29,0.889,9.83,24.06,0.311,1
6.160,back_right,-190.26,0.935,9.69,24.07,0.327,1
6.180,front_left,-196.63,0.872,9.88,24.06,0.305,1
6.180,front_right,-171.11,1.132,9.10,24.11,0.396,1
6.180,back_left,-194.79,0.855,9.94,24.06,0.299,1
6.180,back_right,-191.18,0.935,9.70,24.07,0.327,1
6.200,front_left,-192.51,0.921,9.74,24.06,0.322,1
6.200,front_right,-173.69,1.245,8.76,24.11,0.436,1
6.200,back_left,-196.01,0.862,9.91,24.06,0.302,1
6.200,back_right,-192.89,0.921,9.74,24.07,0.322,1
6.220,front_left,-194.66,0.846,9.96,24.06,0.296,1
6.220,front_right,-172.81,1.232,8.80,24.11,0.431,1
6.220,back_left,-193.75,0.832,10.00,24.07,0.291,1
6.220,back_right,-193.53,0.921,9.74,24.07,0.322,1
6.240,front_left,-197.70,0.861,9.92,24.06,0.301,1
6.240,front_right,-173.15,1.207,8.88,24.11,0.422,1
6.240,back_left,-194.93,0.876,9.87,24.07,0.307,1
6.240,back_right,-192.32,0.926,9.72,24.07,0.324,1
6.260,front_left,-196.27,0.836,9.99,24.06,0.293,1
6.260,front_right,-174.82,1.160,9.02,24.11,0.406,1
6.260,back_left,-196.26,0.852,9.94,24.07,0.298,1
6.260,back_right,-190.81,0.871,9.89,24.07,0.305,1
6.280,front_left,-196.07,0.831,10.01,24.06,0.291,1
6.280,front_right,-175.04,1.163,9.01,24.11,0.407,1
6.280,back_left,-194.21,0.858,9.92,24.07,0.300,1
6.280,back_right,-191.86,0.905,9.78,24.07,0.317,1
6.300,front_left,-197.54,0.893,9.82,24.06,0.313,1
6.300,front_right,-176.01,1.226,8.82,24.11,0.429,1
6.300,back_left,-194.64,0.869,9.89,24.07,0.304,1
6.300,back_right,-192.40,0.942,9.68,24.07,0.330,1
6.320,front_left,-195.91,0.838,9.99,24.06,0.293,1
6.320,front_right,-175.77,1.180,8.96,24.11,0.413,1
6.320,back_left,-195.56,0.849,9.95,24.07,0.297,1
6.320,back_right,-191.00,0.894,9.82,24.07,0.313,1
6.340,front_left,-195.70,0.858,9.92,24.06,0.300,1
6.340,front_right,-175.44,1.223,8.83,24.11,0.428,1
6.340,back_left,-195.86,0.869,9.89,24.07,0.304,1
6.340,back_right,-198.35,0.912,9.76,24.07,0.319,1
6.360,front_left,-194.73,0.876,9.87,24.06,0.307,1
6.360,front_right,-174.22,1.236,8.79,24.11,0.433,1
6.360,back_left,-194.80,0.865,9.90,24.07,0.303,1
6.360,back_right,-190.94,0.939,9.68,24.07,0.329,1
6.380,front_left,-196.07,0.875,9.87,24.06,0.306,1
6.380,front_right,-177.62,1.223,8.83,24.11,0.428,1
6.380,back_left,-194.47,0.823,10.03,24.07,0.288,1
6.380,back_right,-193.87,0.908,9.78,24.07,0.318,1
6.400,front_left,-198.53,0.823,10.03,24.07,0.288,1
6.400,front_right,-177.29,1.184,8.95,24.11,0.414,1
6.400,back_left,-194.15,0.909,9.77,24.07,0.318,1
6.400,back_right,-193.38,0.892,9.82,24.07,0.312,1
6.420,front_left,-195.90,0.840,9.98,24.07,0.294,1
6.420,front_right,-175.70,1.259,8.72,24.11,0.441,1
6.420,back_left,-197.61,0.853,9.94,24.07,0.299,1
6.420,back_right,-193.86,0.921,9.74,24.07,0.322,1
6.440,front_left,-197.00,0.813,10.06,24.07,0.285,1
6.440,front_right,-175.89,1.221,8.84,24.11,0.427,1
6.440,back_left,-195.31,0.856,9.93,24.07,0.300,1
6.440,back_right,-195.90,0.886,9.84,24.07,0.310,1
6.460,front_left,-194.32,0.845,9.97,24.07,0.296,1
6.460,front_right,-180.32,1.163,9.01,24.11,0.407,1
6.460,back_left,-197.12,0.829,10.01,24.07,0.290,1
6.460,back_right,-193.13,0.906,9.78,24.07,0.317,1
6.480,front_left,-193.17,0.906,9.78,24.07,0.317,1
6.480,front_right,-177.85,1.198,8.90,24.11,0.419,1
6.480,back_left,-193.49,0.849,9.95,24.07,0.297,1
6.480,back_right,-195.43,0.904,9.79,24.07,0.316,1
6.500,front_left,-198.26,0.822,10.03,24.07,0.288,1
6.500,front_right,-178.80,1.198,8.91,24.11,0.419,1
6.500,back_left,-196.84,0.872,9.88,24.07,0.305,1
6.500,back_right,-191.54,0.903,9.79,24.08,0.316,1
6.520,front_left,-197.20,0.813,10.06,24.07,0.285,1
6.520,front_right,-177.73,1.223,8.83,24.11,0.428,1
6.520,back_left,-195.98,0.864,9.91,24.07,0.302,1
6.520,back_right,-194.28,0.901,9.80,24.08,0.315,1
6.540,front_left,-195.72,0.834,10.00,24.07,0.292,1
6.540,front_right,-177.59,1.190,8.93,24.11,0.417,1
6.540,back_left,-192.14,0.865,9.90,24.07,0.303,1
6.540,back_right,-191.63,0.956,9.63,24.08,0.335,1
6.560,front_left,-197.10,0.869,9.89,24.07,0.304,1
6.560,front_right,-180.66,1.192,8.92,24.11,0.417,1
6.560,back_left,-194.86,0.877,9.87,24.07,0.307,1
6.560,back_right,-195.00,0.922,9.73,24.08,0.323,1
6.580,front_left,-197.37,0.886,9.84,24.07,0.310,1
6.580,front_right,-176.86,1.178,8.97,24.11,0.412,1
6.580,back_left,-193.47,0.894,9.82,24.07,0.313,1
6.580,back_right,-195.76,0.922,9.73,24.08,0.323,1
6.600,front_left,-196.59,0.877,9.87,24.07,0.307,1
6.600,front_right,-178.95,1.169,8.99,24.12,0.409,1
6.600,back_left,-196.01,0.870,9.89,24.07,0.304,1
6.600,back_right,-191.69,0.872,9.88,24.08,0.305,1
6.620,front_left,-197.60,0.832,10.00,24.07,0.291,1
6.620,front_right,-176.80,1.222,8.83,24.12,0.428,1
6.620,back_left,-195.64,0.852,9.94,24.07,0.298,1
6.620,back_right,-191.57,0.915,9.76,24.08,0.320,1
6.640,front_left,-193.66,0.790,10.13,24.07,0.276,1
6.640,front_right,-181.92,1.206,8.88,24.12,0.422,1
6.640,back_left,-195.76,0.876,9.87,24.07,0.307,1
6.640,back_right,-193.30,0.855,9.94,24.08,0.299,1
6.660,front_left,-194.71,0.836,9.99,24.07,0.293,1
6.660,front_right,-180.47,1.197,8.91,24.12,0.419,1
6.660,back_left,-196.19,0.877,9.87,24.07,0.307,1
6.660,back_right,-193.46,0.875,9.87,24.08,0.306,1
6.680,front_left,-196.72,0.835,9.99,24.07,0.292,1
6.680,front_right,-179.59,1.169,8.99,24.12,0.409,1
6.680,back_left,-195.59,0.859,9.92,24.07,0.301,1
6.680,back_right,-194.43,0.936,9.69,24.08,0.328,1
6.700,front_left,-195.60,0.805,10.09,24.07,0.282,1
6.700,front_right,-182.38,1.171,8.99,24.12,0.410,1
6.700,back_left,-195.37,0.850,9.95,24.07,0.298,1
6.700,back_right,-193.93,0.930,9.71,24.08,0.326,1
6.720,front_left,-197.66,0.841,9.98,24.07,0.294,1
6.720,front_right,-179.95,1.196,8.91,24.12,0.419,1
6.720,back_left,-195.63,0.854,9.94,24.07,0.299,1
6.720,back_right,-195.40,0.892,9.82,24.08,0.312,1
6.740,front_left,-196.61,0.851,9.95,24.07,0.298,1
6.740,front_right,-181.26,1.178,8.97,24.12,0.412,1
6.740,back_left,-198.11,0.844,9.97,24.07,0.295,1
6.740,back_right,-192.49,0.882,9.85,24.08,0.309,1
6.760,front_left,-198.05,0.849,9.95,24.07,0.297,1
6.760,front_right,-182.57,1.140,9.08,24.12,0.399,1
6.760,back_left,-197.31,0.857,9.93,24.07,0.300,1
6.760,back_right,-191.92,0.881,9.86,24.08,0.308,1
6.780,front_left,-195.06,0.848,9.96,24.07,0.297,1
6.780,front_right,-181.01,1.159,9.02,24.12,0.406,1
6.780,back_left,-194.05,0.871,9.89,24.07,0.305,1
6.780,back_right,-195.45,0.924,9.73,24.08,0.323,1
6.800,front_left,-196.60,0.880,9.86,24.07,0.308,1
6.800,front_right,-179.08,1.198,8.91,24.12,0.419,1
6.800,back_left,-196.75,0.895,9.82,24.07,0.313,1
6.800,back_right,-193.29,0.872,9.88,24.08,0.305,1
6.820,front_left,-198.87,0.842,9.98,24.07,0.295,1
6.820,front_right,-179.99,1.172,8.98,24.12,0.410,1
6.820,back_left,-196.42,0.851,9.95,24.07,0.298,1
6.820,back_right,-191.58,0.898,9.81,24.08,0.314,1
6.840,front_left,-196.69,0.848,9.96,24.07,0.297,1
6.840,front_right,-179.05,1.226,8.82,24.12,0.429,1
6.840,back_left,-195.85,0.821,10.04,24.07,0.287,1
6.840,back_right,-191.27,0.917,9.75,24.08,0.321,1
6.860,front_left,-196.06,0.844,9.97,24.07,0.296,1
6.860,front_right,-180.55,1.200,8.90,24.12,0.420,1
6.860,back_left,-194.89,0.811,10.07,24.07,0.284,1
6.860,back_right,-191.45,0.883,9.85,24.08,0.309,1
6.880,front_left,-197.55,0.840,9.98,24.07,0.294,1
6.880,front_right,-180.66,1.168,9.00,24.12,0.409,1
6.880,back_left,-195.01,0.890,9.83,24.07,0.311,1
6.880,back_right,-193.89,0.931,9.71,24.08,0.326,1
6.900,front_left,-197.65,0.860,9.92,24.07,0.301,1
6.900,front_right,-181.40,1.119,9.14,24.12,0.392,1
6.900,back_left,-194.29,0.857,9.93,24.07,0.300,1
6.900,back_right,-192.43,0.889,9.83,24.08,0.311,1
6.920,front_left,-197.06,0.826,10.02,24.07,0.289,1
6.920,front_right,-180.45,1.193,8.92,24.12,0.417,1
6.920,back_left,-195.73,0.804,10.09,24.07,0.281,1
6.920,back_right,-193.65,0.881,9.86,24.08,0.309,1
6.940,front_left,-196.32,0.825,10.03,24.07,0.289,1
6.940,front_right,-183.31,1.169,8.99,24.12,0.409,1
6.940,back_left,-194.58,0.908,9.78,24.08,0.318,1
6.940,back_right,-193.98,0.919,9.74,24.08,0.322,1
6.960,front_left,-196.75,0.817,10.05,24.07,0.286,1
6.960,front_right,-182.46,1.174,8.98,24.12,0.411,1
6.960,back_left,-194.35,0.903,9.79,24.08,0.316,1
6.960,back_right,-193.65,0.895,9.82,24.08,0.313,1
6.980,front_left,-195.68,0.791,10.13,24.07,0.277,1
6.980,front_right,-180.02,1.199,8.90,24.12,0.420,1
6.980,back_left,-195.14,0.860,9.92,24.08,0.301,1
6.980,back_right,-193.62,0.896,9.81,24.08,0.314,1
7.000,front_left,-196.66,0.840,9.98,24.07,0.294,1
7.000,front_right,-182.78,1.168,9.00,24.12,0.409,1
7.000,back_left,-194.68,0.866,9.90,24.08,0.303,1
7.000,back_right,-195.81,0.938,9.69,24.08,0.328,1
7.020,front_left,-196.12,0.836,9.99,24.07,0.293,1
7.020,front_right,-182.58,1.175,8.98,24.12,0.411,1
7.020,back_left,-195.59,0.835,10.00,24.08,0.292,1
7.020,back_right,-195.82,0.880,9.86,24.08,0.308,1
7.040,front_left,-195.16,0.846,9.96,24.07,0.296,1
7.040,front_right,-181.95,1.230,8.81,24.13,0.430,1
7.040,back_left,-195.26,0.881,9.86,24.08,0.309,1
7.040,back_right,-194.50,0.878,9.87,24.08,0.307,1
7.060,front_left,-195.65,0.815,10.05,24.07,0.285,1
7.060,front_right,-182.35,1.186,8.94,24.13,0.415,1
7.060,back_left,-193.56,0.859,9.92,24.08,0.301,1
7.060,back_right,-192.29,0.921,9.74,24.08,0.322,1
7.080,front_left,-196.46,0.810,10.07,24.07,0.284,1
7.080,front_right,-181.47,1.197,8.91,24.13,0.419,1
7.080,back_left,-194.87,0.855,9.94,24.08,0.299,1
7.080,back_right,-194.63,0.901,9.80,24.08,0.315,1
7.100,front_left,-196.19,0.837,9.99,24.07,0.293,1
7.100,front_right,-180.37,1.180,8.96,24.13,0.413,1
7.100,back_left,-192.65,0.875,9.88,24.08,0.306,1
7.100,back_right,-195.30,0.867,9.90,24.08,0.303,1
7.120,front_left,-194.64,0.828,10.02,24.07,0.290,1
7.120,front_right,-181.72,1.225,8.82,24.13,0.429,1
7.120,back_left,-195.23,0.852,9.95,24.08,0.298,1
7.120,back_right,-193.68,0.897,9.81,24.08,0.314,1
7.140,front_left,-194.45,0.854,9.94,24.07,0.299,1
7.140,front_right,-179.05,1.211,8.87,24.13,0.424,1
7.140,back_left,-193.78,0.868,9.90,24.08,0.304,1
7.140,back_right,-193.17,0.938,9.69,24.08,0.328,1
7.160,front_left,-194.94,0.818,10.05,24.08,0.286,1
7.160,front_right,-180.68,1.194,8.92,24.13,0.418,1
7.160,back_left,-196.35,0.817,10.05,24.08,0.286,1
7.160,back_right,-193.43,0.889,9.83,24.09,0.311,1
7.180,front_left,-196.40,0.830,10.01,24.08,0.290,1
7.180,front_right,-183.48,1.249,8.75,24.13,0.437,1
7.180,back_left,-191.62,0.843,9.97,24.08,0.295,1
7.180,back_right,-194.62,0.877,9.87,24.09,0.307,1
7.200,front_left,-195.43,0.858,9.93,24.08,0.300,1
7.200,front_right,-182.93,1.186,8.94,24.13,0.415,1
7.200,back_left,-195.64,0.861,9.92,24.08,0.301,1
7.200,back_right,-192.01,0.883,9.85,24.09,0.309,1
7.220,front_left,-194.15,0.847,9.96,24.08,0.296,1
7.220,front_right,-179.85,1.190,8.93,24.13,0.416,1
7.220,back_left,-195.44,0.902,9.79,24.08,0.316,1
7.220,back_right,-193.17,0.876,9.87,24.09,0.307,1
7.240,front_left,-194.47,0.839,9.98,24.08,0.294,1
7.240,front_right,-178.48,1.192,8.92,24.13,0.417,1
7.240,back_left,-194.59,0.871,9.89,24.08,0.305,1
7.240,back_right,-192.71,0.864,9.91,24.09,0.302,1
7.260,front_left,-196.38,0.826,10.02,24.08,0.289,1
7.260,front_right,-183.12,1.210,8.87,24.13,0.424,1
7.260,back_left,-196.03,0.867,9.90,24.08,0.303,1
7.260,back_right,-192.97,0.919,9.74,24.09,0.322,1
7.280,front_left,-194.15,0.838,9.99,24.08,0.293,1
7.280,front_right,-181.31,1.146,9.06,24.13,0.401,1
7.280,back_left,-197.22,0.864,9.91,24.08,0.303,1
7.280,back_right,-192.69,0.919,9.74,24.09,0.322,1
7.300,front_left,-196.01,0.799,10.10,24.08,0.280,1
7.300,front_right,-182.73,1.179,8.96,24.13,0.413,1
7.300,back_left,-194.55,0.811,10.07,24.08,0.284,1
7.300,back_right,-196.60,0.933,9.70,24.09,0.327,1
7.320,front_left,-197.30,0.829,10.01,24.08,0.290,1
7.320,front_right,-183.12,1.218,8.84,24.13,0.426,1
7.320,back_left,-194.25,0.856,9.93,24.08,0.300,1
7.320,back_right,-194.57,0.881,9.86,24.09,0.308,1
7.340,front_left,-197.75,0.814,10.06,24.08,0.285,1
7.340,front_right,-184.51,1.179,8.96,24.13,0.413,1
7.340,back_left,-193.85,0.851,9.95,24.08,0.298,1
7.340,back_right,-192.54,0.922,9.73,24.09,0.323,1
7.360,front_left,-196.15,0.841,9.98,24.08,0.294,1
7.360,front_right,-181.01,1.220,8.84,24.13,0.427,1
7.360,back_left,-195.56,0.838,9.99,24.08,0.293,1
7.360,back_right,-194.64,0.947,9.66,24.09,0.331,1
7.380,front_left,-195.00,0.831,10.01,24.08,0.291,1
7.380,front_right,-181.98,1.186,8.94,24.13,0.415,1
7.380,back_left,-195.78,0.894,9.82,24.08,0.313,1
7.380,back_right,-191.43,0.894,9.82,24.09,0.313,1
7.400,front_left,-191.47,0.799,10.10,24.08,0.280,1
7.400,front_right,-182.99,1.211,8.87,24.13,0.424,1
7.400,back_left,-197.19,0.843,9.97,24.08,0.295,1
7.400,back_right,-192.82,0.821,10.04,24.09,0.287,1
7.420,front_left,-193.12,0.855,9.93,24.08,0.299,1
7.420,front_right,-184.44,1.207,8.88,24.13,0.422,1
7.420,back_left,-195.63,0.896,9.81,24.08,0.314,1
7.420,back_right,-192.48,0.925,9.72,24.09,0.324,1
7.440,front_left,-197.62,0.880,9.86,24.08,0.308,1
7.440,front_right,-182.27,1.192,8.92,24.13,0.417,1
7.440,back_left,-196.77,0.833,10.00,24.08,0.292,1
7.440,back_right,-192.05,0.932,9.70,24.09,0.326,1
7.460,front_left,-195.86,0.819,10.04,24.08,0.287,1
7.460,front_right,-182.96,1.201,8.90,24.13,0.420,1
7.460,back_left,-196.57,0.854,9.94,24.08,0.299,1
7.460,back_right,-191.44,0.911,9.77,24.09,0.319,1
7.480,front_left,-195.86,0.828,10.02,24.08,0.290,1
7.480,front_right,-180.93,1.187,8.94,24.14,0.416,1
7.480,back_left,-197.18,0.834,10.00,24.08,0.292,1
7.480,back_right,-195.23,0.885,9.84,24.09,0.310,1
7.500,front_left,-194.33,0.075,12.27,24.08,0.026,1
7.500,front_right,-178.17,0.167,12.00,24.14,0.058,1
7.500,back_left,-198.74,0.078,12.27,24.08,0.027,1
7.500,back_right,-193.17,0.113,12.16,24.09,0.040,1
7.520,front_left,-168.52,0.091,12.23,24.08,0.032,1
7.520,front_right,-155.28,0.138,12.09,24.14,0.048,1
7.520,back_left,-174.48,0.081,12.26,24.08,0.028,1
7.520,back_right,-169.97,0.104,12.19,24.09,0.036,1
7.540,front_left,-129.40,0.074,12.28,24.08,0.026,1
7.540,front_right,-118.94,0.142,12.08,24.14,0.050,1
7.540,back_left,-133.19,0.088,12.24,24.08,0.031,1
7.540,back_right,-127.73,0.098,12.21,24.09,0.034,1
7.560,front_left,-86.80,0.101,12.20,24.08,0.035,1
7.560,front_right,-78.53,0.203,11.89,24.14,0.071,1
7.560,back_left,-89.05,0.108,12.18,24.08,0.038,1
7.560,back_right,-84.58,0.052,12.34,24.09,0.018,1
7.580,front_left,-51.53,0.030,12.41,24.08,0.011,1
7.580,front_right,-44.52,0.143,12.07,24.14,0.050,1
7.580,back_left,-52.12,0.085,12.25,24.08,0.030,1
7.580,back_right,-52.03,0.111,12.17,24.09,0.039,1
7.600,front_left,-26.89,0.099,12.20,24.08,0.035,1
7.600,front_right,-21.54,0.134,12.10,24.14,0.047,1
7.600,back_left,-27.00,0.092,12.23,24.08,0.032,1
7.600,back_right,-26.14,0.091,12.23,24.09,0.032,1
7.620,front_left,-11.25,0.102,12.19,24.08,0.036,1
7.620,front_right,-11.28,0.164,12.01,24.14,0.058,1
7.620,back_left,-14.22,0.111,12.17,24.08,0.039,1
7.620,back_right,-12.11,0.118,12.15,24.09,0.041,1
7.640,front_left,-4.49,0.073,12.28,24.08,0.026,1
7.640,front_right,-3.36,0.151,12.05,24.14,0.053,1
7.640,back_left,-3.23,0.130,12.11,24.08,0.046,1
7.640,back_right,-3.56,0.130,12.11,24.09,0.045,1
7.660,front_left,-4.25,0.105,12.18,24.08,0.037,1
7.660,front_right,-1.00,0.149,12.05,24.14,0.052,1
7.660,back_left,-0.78,0.099,12.20,24.08,0.035,1
7.660,back_right,-1.08,0.137,12.09,24.09,0.048,1
7.680,front_left,-1.46,0.088,12.24,24.08,0.031,1
7.680,front_right,0.08,0.136,12.09,24.14,0.048,1
7.680,back_left,0.55,0.075,12.27,24.08,0.026,1
7.680,back_right,-1.97,0.098,12.20,24.09,0.034,1
7.700,front_left,1.56,0.078,12.26,24.08,0.027,1
7.700,front_right,-2.34,0.140,12.08,24.14,0.049,1
7.700,back_left,-0.32,0.088,12.24,24.08,0.031,1
7.700,back_right,-2.28,0.127,12.12,24.09,0.044,1
7.720,front_left,0.58,0.101,12.20,24.08,0.035,1
7.720,front_right,-0.06,0.108,12.18,24.14,0.038,1
7.720,back_left,-0.29,0.128,12.12,24.08,0.045,1
7.720,back_right,-1.01,0.074,12.28,24.09,0.026,1
7.740,front_left,0.97,0.082,12.26,24.08,0.029,1
7.740,front_right,1.35,0.131,12.11,24.14,0.046,1
7.740,back_left,1.80,0.107,12.18,24.08,0.037,1
7.740,back_right,-2.13,0.099,12.20,24.09,0.035,1
7.760,front_left,-0.97,0.093,12.22,24.08,0.032,1
7.760,front_right,-1.35,0.194,11.92,24.14,0.068,1
7.760,back_left,1.41,0.128,12.12,24.08,0.045,1
7.760,back_right,0.80,0.107,12.18,24.09,0.037,1
7.780,front_left,-0.24,0.068,12.30,24.08,0.024,1
7.780,front_right,1.00,0.155,12.03,24.14,0.054,1
7.780,back_left,-0.44,0.095,12.22,24.08,0.033,1
7.780,back_right,-0.27,0.084,12.25,24.09,0.029,1
7.800,front_left,-1.44,0.046,12.36,24.08,0.016,1
7.800,front_right,-2.82,0.149,12.05,24.14,0.052,1
7.800,back_left,1.90,0.099,12.20,24.08,0.035,1
7.800,back_right,0.52,0.123,12.13,24.09,0.043,1
7.820,front_left,0.87,0.110,12.17,24.08,0.038,1
7.820,front_right,-1.00,0.183,11.95,24.14,0.064,1
7.820,back_left,2.66,0.109,12.17,24.08,0.038,1
7.820,back_right,2.32,0.076,12.27,24.09,0.027,1
7.840,front_left,-0.24,0.047,12.36,24.08,0.017,1
7.840,front_right,0.74,0.198,11.91,24.14,0.069,1
7.840,back_left,2.06,0.089,12.23,24.08,0.031,1
7.840,back_right,-0.41,0.068,12.30,24.09,0.024,1
7.860,front_left,0.88,0.075,12.27,24.08,0.026,1
7.860,front_right,-0.20,0.171,11.99,24.14,0.060,1
7.860,back_left,1.54,0.120,12.14,24.08,0.042,1
7.860,back_right,1.56,0.108,12.18,24.09,0.038,1
7.880,front_left,-0.75,0.065,12.30,24.08,0.023,1
7.880,front_right,1.32,0.108,12.18,24.14,0.038,1
7.880,back_left,0.21,0.103,12.19,24.08,0.036,1
7.880,back_right,0.25,0.082,12.25,24.09,0.029,1
7.900,front_left,0.47,0.082,12.25,24.08,0.029,1
7.900,front_right,-0.74,0.150,12.05,24.14,0.052,1
7.900,back_left,2.47,0.102,12.19,24.08,0.036,1
7.900,back_right,-2.09,0.089,12.23,24.09,0.031,1
7.920,front_left,0.79,0.101,12.20,24.08,0.035,1
7.920,front_right,1.20,0.165,12.01,24.14,0.058,1
7.920,back_left,-2.98,0.106,12.18,24.08,0.037,1
7.920,back_right,-1.13,0.143,12.07,24.09,0.050,1
7.940,front_left,-0.88,0.131,12.11,24.08,0.046,1
7.940,front_right,0.86,0.131,12.11,24.14,0.046,1
7.940,back_left,0.37,0.151,12.05,24.08,0.053,1
7.940,back_right,0.34,0.122,12.14,24.09,0.043,1
7.960,front_left,-0.90,0.081,12.26,24.08,0.028,1
7.960,front_right,0.49,0.155,12.04,24.14,0.054,1
7.960,back_left,1.58,0.101,12.20,24.08,0.035,1
7.960,back_right,-0.43,0.148,12.06,24.09,0.052,1
7.980,front_left,1.32,0.101,12.20,24.08,0.036,1
7.980,front_right,-0.08,0.135,12.10,24.14,0.047,1
7.980,back_left,0.51,0.102,12.20,24.08,0.036,1
7.980,back_right,-0.69,0.119,12.14,24.09,0.042,1
8.000,front_left,0.63,0.092,12.22,24.08,0.032,1
8.000,front_right,-0.19,0.161,12.02,24.14,0.056,1
8.000,back_left,-1.88,0.081,12.26,24.08,0.028,1
8.000,back_right,0.91,0.061,12.32,24.09,0.021,1
8.020,front_left,1.21,0.081,12.26,24.08,0.028,1
8.020,front_right,1.21,0.177,11.97,24.14,0.062,1
8.020,back_left,-1.28,0.121,12.14,24.08,0.042,1
8.020,back_right,-1.70,0.103,12.19,24.09,0.036,1
8.040,front_left,-0.98,0.079,12.26,24.08,0.028,1
8.040,front_right,1.54,0.090,12.23,24.14,0.032,1
8.040,back_left,-0.58,0.098,12.21,24.08,0.034,1
8.040,back_right,1.75,0.106,12.18,24.09,0.037,1
8.060,front_left,2.36,0.079,12.26,24.08,0.028,1
8.060,front_right,1.00,0.111,12.17,24.14,0.039,1
8.060,back_left,0.53,0.106,12.18,24.08,0.037,1
8.060,back_right,-1.44,0.099,12.20,24.09,0.035,1
8.080,front_left,-0.75,0.068,12.30,24.08,0.024,1
8.080,front_right,-0.40,0.143,12.07,24.14,0.050,1
8.080,back_left,-0.16,0.069,12.29,24.08,0.024,1
8.080,back_right,-0.11,0.085,12.24,24.09,0.030,1
8.100,front_left,-0.90,0.085,12.24,24.08,0.030,1
8.100,front_right,-0.02,0.173,11.98,24.14,0.060,1
8.100,back_left,0.62,0.105,12.18,24.08,0.037,1
8.100,back_right,1.18,0.121,12.14,24.09,0.042,1
8.120,front_left,-2.11,0.055,12.33,24.08,0.019,1
8.120,front_right,-1.12,0.157,12.03,24.14,0.055,1
8.120,back_left,-1.92,0.080,12.26,24.08,0.028,1
8.120,back_right,-0.52,0.103,12.19,24.09,0.036,1
8.140,front_left,1.38,0.107,12.18,24.08,0.037,1
8.140,front_right,-1.37,0.160,12.02,24.14,0.056,1
8.140,back_left,0.29,0.073,12.28,24.08,0.026,1
8.140,back_right,0.26,0.109,12.17,24.09,0.038,1
8.160,front_left,-1.70,0.095,12.21,24.08,0.033,1
8.160,front_right,-1.27,0.163,12.01,24.14,0.057,1
8.160,back_left,-2.27,0.082,12.25,24.08,0.029,1
8.160,back_right,1.91,0.143,12.07,24.09,0.050,1
8.180,front_left,1.82,0.092,12.22,24.08,0.032,1
8.180,front_right,-1.68,0.116,12.15,24.14,0.041,1
8.180,back_left,0.90,0.078,12.26,24.08,0.027,1
8.180,back_right,-0.01,0.172,11.98,24.09,0.060,1
8.200,front_left,-0.56,0.097,12.21,24.08,0.034,1
8.200,front_right,-2.31,0.170,11.99,24.14,0.060,1
8.200,back_left,-2.45,0.097,12.21,24.08,0.034,1
8.200,back_right,-0.19,0.115,12.16,24.09,0.040,1
8.220,front_left,-0.81,0.144,12.07,24.08,0.050,1
8.220,front_right,2.26,0.139,12.08,24.14,0.049,1
8.220,back_left,-0.80,0.088,12.23,24.08,0.031,1
8.220,back_right,3.40,0.131,12.11,24.09,0.046,1
8.240,front_left,-1.67,0.065,12.31,24.08,0.023,1
8.240,front_right,-0.31,0.142,12.07,24.14,0.050,1
8.240,back_left,-1.34,0.102,12.19,24.08,0.036,1
8.240,back_right,0.96,0.131,12.11,24.09,0.046,1
8.260,front_left,2.60,0.069,12.29,24.08,0.024,1
8.260,front_right,-1.66,0.144,12.07,24.14,0.050,1
8.260,back_left,-1.10,0.119,12.14,24.08,0.042,1
8.260,back_right,0.50,0.097,12.21,24.09,0.034,1
8.280,front_left,2.99,0.051,12.35,24.08,0.018,1
8.280,front_right,-0.45,0.121,12.14,24.14,0.042,1
8.280,back_left,-1.92,0.106,12.18,24.08,0.037,1
8.280,back_right,2.25,0.114,12.16,24.09,0.040,1
8.300,front_left,1.89,0.076,12.27,24.08,0.027,1
8.300,front_right,-0.32,0.188,11.94,24.14,0.066,1
8.300,back_left,2.43,0.057,12.33,24.08,0.020,1
8.300,back_right,-1.56,0.140,12.08,24.09,0.049,1
8.320,front_left,-0.39,0.094,12.22,24.08,0.033,1
8.320,front_right,-0.93,0.172,11.98,24.14,0.060,1
8.320,back_left,0.83,0.128,12.11,24.08,0.045,1
8.320,back_right,-0.72,0.095,12.21,24.09,0.033,1
8.340,front_left,1.47,0.084,12.25,24.08,0.029,1
8.340,front_right,0.68,0.114,12.16,24.14,0.040,1
8.340,back_left,-0.76,0.055,12.33,24.08,0.019,1
8.340,back_right,2.70,0.126,12.12,24.09,0.044,1
8.360,front_left,-0.45,0.117,12.15,24.08,0.041,1
8.360,front_right,0.62,0.194,11.92,24.14,0.068,1
8.360,back_left,0.33,0.056,12.33,24.08,0.020,1
8.360,back_right,-0.78,0.099,12.20,24.09,0.035,1
8.380,front_left,0.06,0.051,12.35,24.08,0.018,1
8.380,front_right,-1.71,0.115,12.16,24.14,0.040,1
8.380,back_left,0.16,0.116,12.15,24.08,0.040,1
8.380,back_right,-1.42,0.082,12.25,24.09,0.029,1
8.400,front_left,-0.22,0.109,12.17,24.08,0.038,1
8.400,front_right,-1.49,0.187,11.94,24.14,0.065,1
8.400,back_left,-1.26,0.090,12.23,24.08,0.032,1
8.400,back_right,-1.12,0.102,12.20,24.09,0.036,1
8.420,front_left,-0.60,0.101,12.20,24.08,0.036,1
8.420,front_right,-2.29,0.202,11.90,24.14,0.071,1
8.420,back_left,-0.67,0.029,12.41,24.08,0.010,1
8.420,back_right,3.00,0.114,12.16,24.09,0.040,1
8.440,front_left,-2.16,0.064,12.31,24.08,0.022,1
8.440,front_right,1.21,0.160,12.02,24.14,0.056,1
8.440,back_left,-1.38,0.060,12.32,24.08,0.021,1
8.440,back_right,0.69,0.109,12.17,24.09,0.038,1
8.460,front_left,-0.65,0.102,12.19,24.08,0.036,1
8.460,front_right,-1.23,0.157,12.03,24.14,0.055,1
8.460,back_left,1.14,0.104,12.19,24.08,0.037,1
8.460,back_right,-2.00,0.123,12.13,24.09,0.043,1
8.480,front_left,0.81,0.089,12.23,24.08,0.031,1
8.480,front_right,2.09,0.127,12.12,24.14,0.044,1
8.480,back_left,0.11,0.086,12.24,24.08,0.030,1
8.480,back_right,1.24,0.071,12.29,24.09,0.025,1
0.000,front_left,-0.87,0.060,12.32,24.08,0.021,2
0.000,front_right,1.06,0.180,11.96,24.14,0.063,2
0.000,back_left,3.68,0.109,12.17,24.08,0.038,2
0.000,back_right,1.57,0.074,12.28,24.09,0.026,2
0.020,front_left,-0.74,0.093,12.22,24.08,0.033,2
0.020,front_right,0.10,0.174,11.98,24.14,0.061,2
0.020,back_left,4.52,0.126,12.12,24.08,0.044,2
0.020,back_right,1.92,0.078,12.27,24.09,0.027,2
0.040,front_left,-1.14,0.105,12.19,24.08,0.037,2
0.040,front_right,0.50,0.135,12.09,24.14,0.047,2
0.040,back_left,5.14,0.088,12.24,24.08,0.031,2
0.040,back_right,2.99,0.123,12.13,24.09,0.043,2
0.060,front_left,-0.05,0.112,12.16,24.08,0.039,2
0.060,front_right,-0.93,0.180,11.96,24.14,0.063,2
0.060,back_left,3.20,0.115,12.15,24.08,0.040,2
0.060,back_right,1.38,0.099,12.20,24.09,0.035,2
0.080,front_left,-3.14,0.071,12.29,24.08,0.025,2
0.080,front_right,0.96,0.137,12.09,24.14,0.048,2
0.080,back_left,-0.42,0.070,12.29,24.08,0.024,2
0.080,back_right,1.82,0.121,12.14,24.09,0.042,2
0.100,front_left,-2.01,0.074,12.28,24.08,0.026,2
0.100,front_right,1.45,0.115,12.15,24.14,0.040,2
0.100,back_left,-2.72,0.051,12.35,24.08,0.018,2
0.100,back_right,0.32,0.110,12.17,24.09,0.038,2
0.120,front_left,-0.49,0.068,12.30,24.08,0.024,2
0.120,front_right,2.65,0.175,11.98,24.14,0.061,2
0.120,back_left,0.81,0.070,12.29,24.08,0.024,2
0.120,back_right,-1.47,0.107,12.18,24.09,0.038,2
0.140,front_left,-0.96,0.087,12.24,24.08,0.030,2
0.140,front_right,1.24,0.131,12.11,24.14,0.046,2
0.140,back_left,2.22,0.093,12.22,24.08,0.033,2
0.140,back_right,0.38,0.110,12.17,24.09,0.038,2
0.160,front_left,-0.80,0.130,12.11,24.08,0.045,2
0.160,front_right,1.05,0.149,12.05,24.14,0.052,2
0.160,back_left,1.42,0.042,12.37,24.08,0.015,2
0.160,back_right,0.00,0.108,12.18,24.09,0.038,2
0.180,front_left,1.56,0.066,12.30,24.08,0.023,2
0.180,front_right,-0.17,0.132,12.10,24.14,0.046,2
0.180,back_left,-2.85,0.103,12.19,24.08,0.036,2
0.180,back_right,0.19,0.111,12.17,24.09,0.039,2
0.200,front_left,-0.61,0.066,12.30,24.08,0.023,2
0.200,front_right,-2.28,0.136,12.09,24.14,0.048,2
0.200,back_left,0.12,0.146,12.06,24.08,0.051,2
0.200,back_right,1.24,0.127,12.12,24.09,0.045,2
0.220,front_left,-0.02,0.129,12.11,24.08,0.045,2
0.220,front_right,-1.99,0.145,12.06,24.14,0.051,2
0.220,back_left,-1.22,0.118,12.15,24.08,0.041,2
0.220,back_right,-1.49,0.088,12.24,24.09,0.031,2
0.240,front_left,0.17,0.055,12.34,24.08,0.019,2
0.240,front_right,0.40,0.207,11.88,24.14,0.073,2
0.240,back_left,2.25,0.090,12.23,24.08,0.031,2
0.240,back_right,0.11,0.069,12.29,24.09,0.024,2
0.260,front_left,0.46,0.102,12.20,24.08,0.036,2
0.260,front_right,-0.54,0.148,12.06,24.14,0.052,2
0.260,back_left,-0.36,0.103,12.19,24.08,0.036,2
0.260,back_right,-2.10,0.096,12.21,24.09,0.034,2
0.280,front_left,0.39,0.105,12.18,24.08,0.037,2
0.280,front_right,1.24,0.162,12.01,24.14,0.057,2
0.280,back_left,0.54,0.101,12.20,24.08,0.035,2
0.280,back_right,0.09,0.096,12.21,24.09,0.034,2
0.300,front_left,-0.20,0.150,12.05,24.08,0.053,2
0.300,front_right,0.52,0.131,12.11,24.14,0.046,2
0.300,back_left,0.87,0.040,12.38,24.08,0.014,2
0.300,back_right,-0.86,0.095,12.21,24.09,0.033,2
0.320,front_left,0.54,0.113,12.16,24.08,0.040,2
0.320,front_right,-0.60,0.113,12.16,24.14,0.039,2
0.320,back_left,3.09,0.127,12.12,24.08,0.044,2
0.320,back_right,-2.22,0.092,12.22,24.09,0.032,2
0.340,front_left,1.42,0.069,12.29,24.08,0.024,2
0.340,front_right,0.23,0.074,12.28,24.14,0.026,2
0.340,back_left,-0.06,0.100,12.20,24.08,0.035,2
0.340,back_right,-2.06,0.098,12.21,24.09,0.034,2
0.360,front_left,1.10,0.119,12.14,24.08,0.042,2
0.360,front_right,1.27,0.102,12.19,24.14,0.036,2
0.360,back_left,-1.62,0.078,12.27,24.08,0.027,2
0.360,back_right,0.97,0.075,12.27,24.09,0.026,2
0.380,front_left,-1.54,0.071,12.29,24.08,0.025,2
0.380,front_right,0.01,0.178,11.97,24.14,0.062,2
0.380,back_left,-1.59,0.072,12.28,24.08,0.025,2
0.380,back_right,0.15,0.101,12.20,24.09,0.035,2
0.400,front_left,-1.68,0.114,12.16,24.08,0.040,2
0.400,front_right,-1.39,0.139,12.08,24.14,0.049,2
0.400,back_left,2.76,0.086,12.24,24.08,0.030,2
0.400,back_right,1.77,0.111,12.17,24.09,0.039,2
0.420,front_left,1.67,0.106,12.18,24.08,0.037,2
0.420,front_right,-1.79,0.109,12.17,24.14,0.038,2
0.420,back_left,1.54,0.121,12.14,24.08,0.042,2
0.420,back_right,0.10,0.157,12.03,24.09,0.055,2
0.440,front_left,1.00,0.093,12.22,24.08,0.033,2
0.440,front_right,-0.31,0.161,12.02,24.14,0.056,2
0.440,back_left,1.03,0.088,12.23,24.08,0.031,2
0.440,back_right,0.63,0.127,12.12,24.09,0.044,2
0.460,front_left,0.82,0.144,12.07,24.08,0.050,2
0.460,front_right,0.85,0.116,12.15,24.14,0.041,2
0.460,back_left,0.17,0.114,12.16,24.08,0.040,2
0.460,back_right,0.18,0.053,12.34,24.09,0.019,2
0.480,front_left,-1.37,0.114,12.16,24.08,0.040,2
0.480,front_right,0.36,0.136,12.09,24.14,0.048,2
0.480,back_left,-0.72,0.087,12.24,24.08,0.031,2
0.480,back_right,1.26,0.135,12.10,24.09,0.047,2
0.500,front_left,0.03,0.819,10.04,24.08,0.287,2
0.500,front_right,-1.50,1.204,8.89,24.14,0.421,2
0.500,back_left,-1.47,0.878,9.87,24.08,0.307,2
0.500,back_right,0.23,0.903,9.79,24.09,0.316,2
0.520,front_left,13.48,0.817,10.05,24.08,0.286,2
0.520,front_right,6.06,1.176,8.97,24.14,0.412,2
0.520,back_left,11.77,0.873,9.88,24.08,0.306,2
0.520,back_right,9.60,0.905,9.79,24.09,0.317,2
0.540,front_left,25.53,0.843,9.97,24.08,0.295,2
0.540,front_right,11.61,1.136,9.09,24.14,0.398,2
0.540,back_left,24.63,0.855,9.94,24.08,0.299,2
0.540,back_right,19.32,0.924,9.73,24.09,0.323,2
0.560,front_left,37.16,0.804,10.09,24.08,0.281,2
0.560,front_right,16.44,1.193,8.92,24.14,0.418,2
0.560,back_left,34.68,0.838,9.98,24.08,0.293,2
0.560,back_right,32.73,0.904,9.79,24.09,0.316,2
0.580,front_left,52.89,0.807,10.08,24.08,0.282,2
0.580,front_right,22.94,1.156,9.03,24.14,0.405,2
0.580,back_left,45.62,0.824,10.03,24.08,0.288,2
0.580,back_right,41.52,0.854,9.94,24.09,0.299,2
0.600,front_left,58.44,0.837,9.99,24.08,0.293,2
0.600,front_right,28.15,1.207,8.88,24.14,0.422,2
0.600,back_left,58.84,0.863,9.91,24.08,0.302,2
0.600,back_right,46.19,0.877,9.87,24.09,0.307,2
0.620,front_left,65.67,0.845,9.96,24.08,0.296,2
0.620,front_right,31.03,1.172,8.98,24.14,0.410,2
0.620,back_left,64.26,0.815,10.05,24.08,0.285,2
0.620,back_right,56.41,0.857,9.93,24.09,0.300,2
0.640,front_left,79.02,0.890,9.83,24.08,0.311,2
0.640,front_right,37.80,1.162,9.01,24.14,0.407,2
0.640,back_left,75.14,0.930,9.71,24.08,0.326,2
0.640,back_right,65.74,0.913,9.76,24.09,0.320,2
0.660,front_left,86.68,0.851,9.95,24.08,0.298,2
0.660,front_right,40.65,1.192,8.92,24.14,0.417,2
0.660,back_left,81.48,0.868,9.90,24.08,0.304,2
0.660,back_right,72.73,0.906,9.78,24.09,0.317,2
0.680,front_left,94.89,0.807,10.08,24.08,0.282,2
0.680,front_right,47.76,1.209,8.87,24.14,0.423,2
0.680,back_left,91.16,0.827,10.02,24.09,0.290,2
0.680,back_right,82.45,0.880,9.86,24.09,0.308,2
0.700,front_left,100.88,0.879,9.86,24.08,0.308,2
0.700,front_right,50.54,1.156,9.03,24.14,0.405,2
0.700,back_left,96.81,0.870,9.89,24.09,0.304,2
0.700,back_right,85.30,0.920,9.74,24.09,0.322,2
0.720,front_left,109.95,0.837,9.99,24.08,0.293,2
0.720,front_right,55.95,1.212,8.86,24.14,0.424,2
0.720,back_left,101.68,0.912,9.76,24.09,0.319,2
0.720,back_right,91.64,0.920,9.74,24.09,0.322,2
0.740,front_left,113.49,0.840,9.98,24.08,0.294,2
0.740,front_right,60.18,1.189,8.93,24.14,0.416,2
0.740,back_left,109.10,0.832,10.00,24.09,0.291,2
0.740,back_right,98.28,0.916,9.75,24.09,0.321,2
0.760,front_left,119.33,0.857,9.93,24.08,0.300,2
0.760,front_right,65.52,1.230,8.81,24.14,0.431,2
0.760,back_left,115.93,0.854,9.94,24.09,0.299,2
0.760,back_right,106.18,0.914,9.76,24.09,0.320,2
0.780,front_left,123.35,0.813,10.06,24.08,0.285,2
0.780,front_right,66.91,1.148,9.05,24.14,0.402,2
0.780,back_left,120.98,0.810,10.07,24.09,0.283,2
0.780,back_right,108.42,0.871,9.89,24.09,0.305,2
0.800,front_left,129.83,0.818,10.04,24.08,0.286,2
0.800,front_right,69.75,1.228,8.82,24.14,0.430,2
0.800,back_left,123.38,0.801,10.10,24.09,0.280,2
0.800,back_right,113.55,0.910,9.77,24.09,0.318,2
0.820,front_left,134.19,0.822,10.03,24.08,0.288,2
0.820,front_right,73.92,1.193,8.92,24.14,0.418,2
0.820,back_left,130.44,0.820,10.04,24.09,0.287,2
0.820,back_right,118.05,0.929,9.71,24.10,0.325,2
0.840,front_left,137.54,0.866,9.90,24.08,0.303,2
0.840,front_right,78.83,1.179,8.96,24.14,0.413,2
0.840,back_left,134.08,0.818,10.05,24.09,0.286,2
0.840,back_right,122.65,0.866,9.90,24.10,0.303,2
0.860,front_left,141.99,0.795,10.12,24.08,0.278,2
0.860,front_right,82.70,1.167,9.00,24.14,0.408,2
0.860,back_left,139.37,0.874,9.88,24.09,0.306,2
0.860,back_right,126.21,0.877,9.87,24.10,0.307,2
0.880,front_left,148.44,0.816,10.05,24.08,0.286,2
0.880,front_right,84.03,1.172,8.98,24.14,0.410,2
0.880,back_left,144.12,0.844,9.97,24.09,0.295,2
0.880,back_right,131.69,0.964,9.61,24.10,0.338,2
0.900,front_left,151.56,0.842,9.98,24.09,0.295,2
0.900,front_right,86.62,1.225,8.83,24.14,0.429,2
0.900,back_left,146.58,0.864,9.91,24.09,0.302,2
0.900,back_right,136.53,0.935,9.70,24.10,0.327,2
0.920,front_left,153.67,0.798,10.10,24.09,0.279,2
0.920,front_right,93.12,1.216,8.85,24.14,0.426,2
0.920,back_left,146.46,0.866,9.90,24.09,0.303,2
0.920,back_right,137.49,0.936,9.69,24.10,0.328,2
0.940,front_left,154.68,0.810,10.07,24.09,0.284,2
0.940,front_right,94.48,1.179,8.96,24.15,0.413,2
0.940,back_left,154.22,0.788,10.14,24.09,0.276,2
0.940,back_right,141.13,0.963,9.61,24.10,0.337,2
0.960,front_left,158.95,0.801,10.10,24.09,0.280,2
0.960,front_right,99.05,1.195,8.92,24.15,0.418,2
0.960,back_left,153.90,0.882,9.85,24.09,0.309,2
0.960,back_right,144.80,0.895,9.82,24.10,0.313,2
0.980,front_left,162.55,0.808,10.08,24.09,0.283,2
0.980,front_right,101.61,1.153,9.04,24.15,0.404,2
0.980,back_left,157.29,0.903,9.79,24.09,0.316,2
0.980,back_right,147.39,0.906,9.78,24.10,0.317,2
1.000,front_left,163.84,0.880,9.86,24.09,0.308,2
1.000,front_right,103.02,1.159,9.02,24.15,0.406,2
1.000,back_left,159.71,0.863,9.91,24.09,0.302,2
1.000,back_right,149.66,0.924,9.73,24.10,0.323,2
1.020,front_left,166.35,0.759,10.22,24.09,0.266,2
1.020,front_right,105.76,1.152,9.04,24.15,0.403,2
1.020,back_left,164.17,0.800,10.10,24.09,0.280,2
1.020,back_right,154.64,0.897,9.81,24.10,0.314,2
1.040,front_left,167.81,0.792,10.13,24.09,0.277,2
1.040,front_right,107.55,1.192,8.93,24.15,0.417,2
1.040,back_left,163.51,0.829,10.01,24.09,0.290,2
1.040,back_right,155.31,0.902,9.79,24.10,0.316,2
1.060,front_left,170.52,0.850,9.95,24.09,0.298,2
1.060,front_right,111.48,1.122,9.13,24.15,0.393,2
1.060,back_left,165.55,0.860,9.92,24.09,0.301,2
1.060,back_right,156.60,0.931,9.71,24.10,0.326,2
1.080,front_left,169.56,0.847,9.96,24.09,0.296,2
1.080,front_right,112.48,1.141,9.08,24.15,0.399,2
1.080,back_left,168.66,0.869,9.89,24.09,0.304,2
1.080,back_right,158.65,0.954,9.64,24.10,0.334,2
1.100,front_left,174.60,0.844,9.97,24.09,0.295,2
1.100,front_right,115.16,1.171,8.99,24.15,0.410,2
1.100,back_left,166.82,0.872,9.88,24.09,0.305,2
1.100,back_right,160.93,0.919,9.74,24.10,0.322,2
1.120,front_left,173.27,0.848,9.95,24.09,0.297,2
1.120,front_right,114.39,1.176,8.97,24.15,0.412,2
1.120,back_left,171.38,0.864,9.91,24.09,0.302,2
1.120,back_right,162.40,0.857,9.93,24.10,0.300,2
1.140,front_left,176.58,0.825,10.02,24.09,0.289,2
1.140,front_right,117.20,1.172,8.98,24.15,0.410,2
1.140,back_left,172.59,0.857,9.93,24.09,0.300,2
1.140,back_right,163.41,0.904,9.79,24.10,0.317,2
1.160,front_left,179.77,0.869,9.89,24.09,0.304,2
1.160,front_right,122.87,1.180,8.96,24.15,0.413,2
1.160,back_left,173.62,0.880,9.86,24.09,0.308,2
1.160,back_right,165.81,0.894,9.82,24.10,0.313,2
1.180,front_left,177.91,0.818,10.05,24.09,0.286,2
1.180,front_right,120.46,1.183,8.95,24.15,0.414,2
1.180,back_left,174.93,0.905,9.79,24.09,0.317,2
1.180,back_right,167.48,0.912,9.76,24.10,0.319,2
1.200,front_left,182.38,0.822,10.04,24.09,0.288,2
1.200,front_right,121.78,1.220,8.84,24.15,0.427,2
1.200,back_left,175.52,0.863,9.91,24.09,0.302,2
1.200,back_right,169.52,0.864,9.91,24.10,0.302,2
1.220,front_left,182.87,0.805,10.09,24.09,0.282,2
1.220,front_right,128.55,1.210,8.87,24.15,0.424,2
1.220,back_left,179.95,0.891,9.83,24.09,0.312,2
1.220,back_right,170.48,0.903,9.79,24.10,0.316,2
1.240,front_left,183.48,0.849,9.95,24.09,0.297,2
1.240,front_right,129.87,1.167,9.00,24.15,0.408,2
1.240,back_left,180.50,0.879,9.86,24.09,0.307,2
1.240,back_right,170.50,0.865,9.90,24.10,0.303,2
1.260,front_left,184.54,0.849,9.95,24.09,0.297,2
1.260,front_right,132.23,1.201,8.90,24.15,0.420,2
1.260,back_left,180.81,0.874,9.88,24.09,0.306,2
1.260,back_right,173.12,0.930,9.71,24.10,0.325,2
1.280,front_left,183.47,0.798,10.10,24.09,0.279,2
1.280,front_right,134.65,1.166,9.00,24.15,0.408,2
1.280,back_left,180.77,0.866,9.90,24.09,0.303,2
1.280,back_right,172.93,0.909,9.77,24.10,0.318,2
1.300,front_left,185.95,0.839,9.98,24.09,0.293,2
1.300,front_right,135.64,1.230,8.81,24.15,0.431,2
1.300,back_left,181.21,0.894,9.82,24.09,0.313,2
1.300,back_right,172.80,0.878,9.86,24.10,0.307,2
1.320,front_left,183.39,0.825,10.03,24.09,0.289,2
1.320,front_right,136.83,1.229,8.81,24.15,0.430,2
1.320,back_left,180.64,0.849,9.95,24.09,0.297,2
1.320,back_right,176.83,0.936,9.69,24.10,0.327,2
1.340,front_left,185.92,0.846,9.96,24.09,0.296,2
1.340,front_right,136.69,1.139,9.08,24.15,0.399,2
1.340,back_left,185.14,0.881,9.86,24.09,0.309,2
1.340,back_right,177.16,0.863,9.91,24.10,0.302,2
1.360,front_left,187.26,0.851,9.95,24.09,0.298,2
1.360,front_right,139.73,1.189,8.93,24.15,0.416,2
1.360,back_left,187.88,0.850,9.95,24.09,0.297,2
1.360,back_right,178.12,0.935,9.70,24.10,0.327,2
1.380,front_left,188.75,0.860,9.92,24.09,0.301,2
1.380,front_right,141.92,1.160,9.02,24.16,0.406,2
1.380,back_left,185.57,0.842,9.97,24.09,0.295,2
1.380,back_right,180.07,0.896,9.81,24.10,0.314,2
1.400,front_left,189.45,0.870,9.89,24.09,0.305,2
1.400,front_right,141.83,1.179,8.96,24.16,0.413,2
1.400,back_left,184.87,0.843,9.97,24.10,0.295,2
1.400,back_right,177.68,0.901,9.80,24.10,0.315,2
1.420,front_left,188.67,0.804,10.09,24.09,0.282,2
1.420,front_right,144.65,1.175,8.98,24.16,0.411,2
1.420,back_left,189.42,0.881,9.86,24.10,0.308,2
1.420,back_right,183.67,0.904,9.79,24.10,0.316,2
1.440,front_left,189.95,0.803,10.09,24.09,0.281,2
1.440,front_right,144.95,1.166,9.00,24.16,0.408,2
1.440,back_left,186.86,0.871,9.89,24.10,0.305,2
1.440,back_right,180.55,0.903,9.79,24.10,0.316,2
1.460,front_left,190.49,0.867,9.90,24.09,0.304,2
1.460,front_right,147.13,1.224,8.83,24.16,0.428,2
1.460,back_left,188.68,0.878,9.87,24.10,0.307,2
1.460,back_right,184.37,0.900,9.80,24.10,0.315,2
1.480,front_left,188.43,0.837,9.99,24.09,0.293,2
1.480,front_right,146.51,1.202,8.89,24.16,0.421,2
1.480,back_left,189.48,0.869,9.89,24.10,0.304,2
1.480,back_right,185.70,0.882,9.85,24.10,0.309,2
1.500,front_left,190.38,0.857,9.93,24.09,0.300,2
1.500,front_right,146.73,1.175,8.97,24.16,0.411,2
1.500,back_left,189.13,0.817,10.05,24.10,0.286,2
1.500,back_right,181.25,0.916,9.75,24.11,0.320,2
1.520,front_left,189.38,0.857,9.93,24.09,0.300,2
1.520,front_right,151.25,1.208,8.88,24.16,0.423,2
1.520,back_left,188.49,0.876,9.87,24.10,0.306,2
1.520,back_right,187.26,0.918,9.75,24.11,0.321,2
1.540,front_left,191.10,0.848,9.96,24.09,0.297,2
1.540,front_right,151.76,1.163,9.01,24.16,0.407,2
1.540,back_left,186.87,0.881,9.86,24.10,0.308,2
1.540,back_right,186.97,0.926,9.72,24.11,0.324,2
1.560,front_left,188.59,0.824,10.03,24.09,0.288,2
1.560,front_right,152.29,1.190,8.93,24.16,0.417,2
1.560,back_left,188.50,0.867,9.90,24.10,0.303,2
1.560,back_right,184.43,0.878,9.87,24.11,0.307,2
1.580,front_left,193.70,0.823,10.03,24.09,0.288,2
1.580,front_right,152.84,1.175,8.97,24.16,0.411,2
1.580,back_left,189.75,0.901,9.80,24.10,0.315,2
1.580,back_right,185.50,0.904,9.79,24.11,0.316,2
1.600,front_left,192.64,0.883,9.85,24.09,0.309,2
1.600,front_right,152.01,1.162,9.01,24.16,0.407,2
1.600,back_left,193.38,0.878,9.87,24.10,0.307,2
1.600,back_right,187.39,0.914,9.76,24.11,0.320,2
1.620,front_left,192.04,0.836,9.99,24.09,0.293,2
1.620,front_right,154.02,1.236,8.79,24.16,0.432,2
1.620,back_left,190.50,0.842,9.97,24.10,0.295,2
1.620,back_right,186.71,0.906,9.78,24.11,0.317,2
1.640,front_left,191.02,0.841,9.98,24.09,0.294,2
1.640,front_right,156.25,1.199,8.90,24.16,0.420,2
1.640,back_left,189.29,0.835,10.00,24.10,0.292,2
1.640,back_right,187.19,0.901,9.80,24.11,0.315,2
1.660,front_left,193.06,0.871,9.89,24.10,0.305,2
1.660,front_right,156.63,1.171,8.99,24.16,0.410,2
1.660,back_left,190.26,0.848,9.96,24.10,0.297,2
1.660,back_right,188.63,0.914,9.76,24.11,0.320,2
1.680,front_left,193.84,0.863,9.91,24.10,0.302,2
1.680,front_right,156.17,1.208,8.88,24.16,0.423,2
1.680,back_left,193.64,0.858,9.93,24.10,0.300,2
1.680,back_right,187.40,0.912,9.76,24.11,0.319,2
1.700,front_left,191.26,0.802,10.10,24.10,0.281,2
1.700,front_right,159.86,1.199,8.90,24.16,0.420,2
1.700,back_left,192.54,0.851,9.95,24.10,0.298,2
1.700,back_right,189.29,0.901,9.80,24.11,0.315,2
1.720,front_left,192.20,0.825,10.02,24.10,0.289,2
1.720,front_right,159.28,1.209,8.87,24.16,0.423,2
1.720,back_left,191.31,0.844,9.97,24.10,0.295,2
1.720,back_right,187.43,0.889,9.83,24.11,0.311,2
1.740,front_left,193.34,0.843,9.97,24.10,0.295,2
1.740,front_right,162.05,1.217,8.85,24.16,0.426,2
1.740,back_left,191.33,0.851,9.95,24.10,0.298,2
1.740,back_right,188.85,0.899,9.80,24.11,0.315,2
1.760,front_left,194.32,0.846,9.96,24.10,0.296,2
1.760,front_right,159.91,1.156,9.03,24.16,0.405,2
1.760,back_left,193.52,0.878,9.86,24.10,0.307,2
1.760,back_right,188.57,0.899,9.80,24.11,0.315,2
1.780,front_left,195.17,0.838,9.99,24.10,0.293,2
1.780,front_right,160.90,1.230,8.81,24.16,0.431,2
1.780,back_left,192.88,0.817,10.05,24.10,0.286,2
1.780,back_right,187.81,0.896,9.81,24.11,0.314,2
1.800,front_left,194.00,0.841,9.98,24.10,0.294,2
1.800,front_right,162.43,1.195,8.92,24.16,0.418,2
1.800,back_left,191.95,0.870,9.89,24.10,0.304,2
1.800,back_right,194.65,0.922,9.73,24.11,0.323,2
1.820,front_left,195.89,0.833,10.00,24.10,0.292,2
1.820,front_right,161.29,1.195,8.92,24.17,0.418,2
1.820,back_left,193.15,0.889,9.83,24.10,0.311,2
1.820,back_right,189.23,0.912,9.76,24.11,0.319,2
1.840,front_left,193.78,0.802,10.09,24.10,0.281,2
1.840,front_right,162.64,1.178,8.97,24.17,0.412,2
1.840,back_left,193.69,0.899,9.80,24.10,0.315,2
1.840,back_right,189.45,0.897,9.81,24.11,0.314,2
1.860,front_left,192.98,0.865,9.91,24.10,0.303,2
1.860,front_right,165.52,1.200,8.90,24.17,0.420,2
1.860,back_left,192.00,0.842,9.97,24.10,0.295,2
1.860,back_right,190.73,0.926,9.72,24.11,0.324,2
1.880,front_left,192.82,0.843,9.97,24.10,0.295,2
1.880,front_right,164.49,1.195,8.92,24.17,0.418,2
1.880,back_left,193.27,0.870,9.89,24.10,0.304,2
1.880,back_right,189.51,0.881,9.86,24.11,0.308,2
1.900,front_left,195.89,0.866,9.90,24.10,0.303,2
1.900,front_right,169.17,1.193,8.92,24.17,0.418,2
1.900,back_left,195.13,0.819,10.04,24.10,0.287,2
1.900,back_right,190.67,0.866,9.90,24.11,0.303,2
1.920,front_left,195.15,0.888,9.84,24.10,0.311,2
1.920,front_right,164.90,1.201,8.90,24.17,0.420,2
1.920,back_left,194.35,0.869,9.89,24.10,0.304,2
1.920,back_right,192.94,0.876,9.87,24.11,0.307,2
1.940,front_left,194.83,0.782,10.15,24.10,0.274,2
1.940,front_right,165.46,1.179,8.96,24.17,0.413,2
1.940,back_left,194.62,0.858,9.93,24.10,0.300,2
1.940,back_right,191.02,0.905,9.79,24.11,0.317,2
1.960,front_left,197.46,0.813,10.06,24.10,0.285,2
1.960,front_right,170.14,1.155,9.04,24.17,0.404,2
1.960,back_left,197.48,0.890,9.83,24.10,0.312,2
1.960,back_right,190.01,0.870,9.89,24.11,0.304,2
1.980,front_left,195.56,0.842,9.98,24.10,0.295,2
1.980,front_right,169.49,1.165,9.00,24.17,0.408,2
1.980,back_left,195.39,0.882,9.85,24.10,0.309,2
1.980,back_right,191.33,0.930,9.71,24.11,0.325,2
2.000,front_left,194.88,0.850,9.95,24.10,0.297,2
2.000,front_right,168.91,1.178,8.97,24.17,0.412,2
2.000,back_left,192.90,0.819,10.04,24.10,0.287,2
2.000,back_right,192.42,0.913,9.76,24.11,0.320,2
2.020,front_left,195.30,0.853,9.94,24.10,0.299,2
2.020,front_right,169.16,1.217,8.85,24.17,0.426,2
2.020,back_left,193.81,0.843,9.97,24.10,0.295,2
2.020,back_right,189.82,0.906,9.78,24.11,0.317,2
2.040,front_left,192.73,0.785,10.14,24.10,0.275,2
2.040,front_right,168.24,1.179,8.96,24.17,0.413,2
2.040,back_left,194.39,0.840,9.98,24.10,0.294,2
2.040,back_right,191.62,0.922,9.74,24.11,0.323,2
2.060,front_left,196.51,0.879,9.86,24.10,0.308,2
2.060,front_right,170.58,1.151,9.05,24.17,0.403,2
2.060,back_left,194.97,0.828,10.02,24.10,0.290,2
2.060,back_right,191.24,0.915,9.75,24.11,0.320,2
2.080,front_left,196.68,0.842,9.97,24.10,0.295,2
2.080,front_right,170.55,1.187,8.94,24.17,0.415,2
2.080,back_left,194.51,0.891,9.83,24.10,0.312,2
2.080,back_right,195.21,0.904,9.79,24.11,0.317,2
2.100,front_left,193.46,0.827,10.02,24.10,0.289,2
2.100,front_right,169.91,1.209,8.87,24.17,0.423,2
2.100,back_left,193.66,0.838,9.99,24.10,0.293,2
2.100,back_right,190.92,0.881,9.86,24.11,0.308,2
2.120,front_left,196.23,0.882,9.85,24.10,0.309,2
2.120,front_right,171.50,1.190,8.93,24.17,0.416,2
2.120,back_left,194.46,0.871,9.89,24.11,0.305,2
2.120,back_right,190.73,0.923,9.73,24.11,0.323,2
2.140,front_left,195.09,0.877,9.87,24.10,0.307,2
2.140,front_right,172.67,1.147,9.06,24.17,0.402,2
2.140,back_left,195.41,0.837,9.99,24.11,0.293,2
2.140,back_right,193.18,0.932,9.70,24.11,0.326,2
2.160,front_left,198.69,0.793,10.12,24.10,0.278,2
2.160,front_right,170.22,1.157,9.03,24.17,0.405,2
2.160,back_left,196.37,0.781,10.16,24.11,0.273,2
2.160,back_right,193.68,0.931,9.71,24.12,0.326,2
2.180,front_left,194.85,0.838,9.98,24.10,0.293,2
2.180,front_right,171.14,1.214,8.86,24.17,0.425,2
2.180,back_left,196.26,0.846,9.96,24.11,0.296,2
2.180,back_right,190.96,0.884,9.85,24.12,0.309,2
2.200,front_left,195.39,0.813,10.06,24.10,0.285,2
2.200,front_right,174.03,1.203,8.89,24.17,0.421,2
2.200,back_left,196.44,0.844,9.97,24.11,0.295,2
2.200,back_right,190.81,0.901,9.80,24.12,0.315,2
2.220,front_left,193.20,0.835,9.99,24.10,0.292,2
2.220,front_right,173.55,1.185,8.94,24.17,0.415,2
2.220,back_left,193.84,0.842,9.97,24.11,0.295,2
2.220,back_right,190.68,0.905,9.78,24.12,0.317,2
2.240,front_left,196.94,0.817,10.05,24.10,0.286,2
2.240,front_right,173.23,1.184,8.95,24.17,0.414,2
2.240,back_left,195.27,0.869,9.89,24.11,0.304,2
2.240,back_right,190.87,0.860,9.92,24.12,0.301,2
2.260,front_left,195.69,0.841,9.98,24.10,0.295,2
2.260,front_right,175.31,1.151,9.05,24.18,0.403,2
2.260,back_left,196.27,0.860,9.92,24.11,0.301,2
2.260,back_right,192.66,0.933,9.70,24.12,0.327,2
2.280,front_left,195.84,0.872,9.88,24.10,0.305,2
2.280,front_right,174.48,1.186,8.94,24.18,0.415,2
2.280,back_left,196.76,0.819,10.04,24.11,0.287,2
2.280,back_right,193.91,0.886,9.84,24.12,0.310,2
2.300,front_left,197.98,0.810,10.07,24.10,0.283,2
2.300,front_right,176.35,1.233,8.80,24.18,0.432,2
2.300,back_left,193.40,0.836,9.99,24.11,0.293,2
2.300,back_right,193.22,0.911,9.77,24.12,0.319,2
2.320,front_left,196.43,0.836,9.99,24.10,0.293,2
2.320,front_right,173.10,1.184,8.95,24.18,0.415,2
2.320,back_left,194.61,0.811,10.07,24.11,0.284,2
2.320,back_right,193.42,0.893,9.82,24.12,0.313,2
2.340,front_left,195.00,0.832,10.00,24.10,0.291,2
2.340,front_right,173.77,1.215,8.86,24.18,0.425,2
2.340,back_left,197.32,0.844,9.97,24.11,0.295,2
2.340,back_right,193.50,0.915,9.76,24.12,0.320,2
2.360,front_left,195.00,0.839,9.98,24.10,0.294,2
2.360,front_right,174.81,1.198,8.91,24.18,0.419,2
2.360,back_left,195.73,0.887,9.84,24.11,0.310,2
2.360,back_right,192.12,0.856,9.93,24.12,0.300,2
2.380,front_left,195.89,0.847,9.96,24.10,0.297,2
2.380,front_right,174.60,1.164,9.01,24.18,0.408,2
2.380,back_left,195.74,0.831,10.01,24.11,0.291,2
2.380,back_right,193.18,0.877,9.87,24.12,0.307,2
2.400,front_left,195.01,0.854,9.94,24.10,0.299,2
2.400,front_right,176.72,1.206,8.88,24.18,0.422,2
2.400,back_left,192.10,0.866,9.90,24.11,0.303,2
2.400,back_right,192.77,0.883,9.85,24.12,0.309,2
2.420,front_left,195.64,0.854,9.94,24.11,0.299,2
2.420,front_right,176.69,1.174,8.98,24.18,0.411,2
2.420,back_left,192.60,0.883,9.85,24.11,0.309,2
2.420,back_right,191.56,0.878,9.87,24.12,0.307,2
2.440,front_left,196.10,0.838,9.99,24.11,0.293,2
2.440,front_right,176.60,1.204,8.89,24.18,0.421,2
2.440,back_left,194.74,0.852,9.95,24.11,0.298,2
2.440,back_right,192.35,0.905,9.78,24.12,0.317,2
2.460,front_left,195.47,0.828,10.02,24.11,0.290,2
2.460,front_right,175.93,1.185,8.94,24.18,0.415,2
2.460,back_left,193.68,0.896,9.81,24.11,0.314,2
2.460,back_right,192.64,0.862,9.91,24.12,0.302,2
2.480,front_left,194.73,0.884,9.85,24.11,0.309,2
2.480,front_right,177.07,1.217,8.85,24.18,0.426,2
2.480,back_left,193.74,0.851,9.95,24.11,0.298,2
2.480,back_right,192.72,0.883,9.85,24.12,0.309,2
2.500,front_left,195.95,0.843,9.97,24.11,0.295,2
2.500,front_right,177.28,1.167,9.00,24.18,0.408,2
2.500,back_left,195.86,0.886,9.84,24.11,0.310,2
2.500,back_right,194.12,0.939,9.68,24.12,0.329,2
2.520,front_left,196.95,0.832,10.00,24.11,0.291,2
2.520,front_right,173.76,1.155,9.04,24.18,0.404,2
2.520,back_left,192.69,0.898,9.81,24.11,0.314,2
2.520,back_right,190.84,0.866,9.90,24.12,0.303,2
2.540,front_left,195.45,0.861,9.92,24.11,0.301,2
2.540,front_right,178.49,1.183,8.95,24.18,0.414,2
2.540,back_left,194.79,0.871,9.89,24.11,0.305,2
2.540,back_right,193.93,0.894,9.82,24.12,0.313,2
2.560,front_left,196.12,0.857,9.93,24.11,0.300,2
2.560,front_right,179.67,1.198,8.91,24.18,0.419,2
2.560,back_left,194.31,0.852,9.94,24.11,0.298,2
2.560,back_right,193.66,0.901,9.80,24.12,0.315,2
2.580,front_left,195.50,0.863,9.91,24.11,0.302,2
2.580,front_right,179.96,1.186,8.94,24.18,0.415,2
2.580,back_left,196.12,0.897,9.81,24.11,0.314,2
2.580,back_right,193.31,0.905,9.78,24.12,0.317,2
2.600,front_left,196.93,0.839,9.98,24.11,0.294,2
2.600,front_right,178.13,1.200,8.90,24.18,0.420,2
2.600,back_left,195.09,0.888,9.84,24.11,0.311,2
2.600,back_right,192.85,0.928,9.72,24.12,0.325,2
2.620,front_left,196.25,0.867,9.90,24.11,0.304,2
2.620,front_right,176.82,1.196,8.91,24.18,0.419,2
2.620,back_left,194.21,0.851,9.95,24.11,0.298,2
2.620,back_right,191.34,0.913,9.76,24.12,0.320,2
2.640,front_left,197.64,0.847,9.96,24.11,0.296,2
2.640,front_right,177.03,1.253,8.74,24.18,0.438,2
2.640,back_left,193.43,0.876,9.87,24.11,0.307,2
2.640,back_right,194.96,0.900,9.80,24.12,0.315,2
2.660,front_left,195.52,0.794,10.12,24.11,0.278,2
2.660,front_right,180.84,1.152,9.04,24.18,0.403,2
2.660,back_left,195.94,0.849,9.95,24.11,0.297,2
2.660,back_right,195.29,0.895,9.81,24.12,0.313,2
2.680,front_left,195.96,0.839,9.98,24.11,0.293,2
2.680,front_right,176.40,1.225,8.83,24.18,0.429,2
2.680,back_left,195.94,0.860,9.92,24.11,0.301,2
2.680,back_right,193.11,0.955,9.63,24.12,0.334,2
2.700,front_left,197.27,0.831,10.01,24.11,0.291,2
2.700,front_right,180.40,1.222,8.84,24.18,0.428,2
2.700,back_left,193.93,0.834,10.00,24.11,0.292,2
2.700,back_right,192.88,0.891,9.83,24.12,0.312,2
2.720,front_left,196.21,0.823,10.03,24.11,0.288,2
2.720,front_right,177.87,1.184,8.95,24.19,0.414,2
2.720,back_left,196.29,0.865,9.91,24.11,0.303,2
2.720,back_right,193.95,0.917,9.75,24.12,0.321,2
2.740,front_left,195.41,0.833,10.00,24.11,0.292,2
2.740,front_right,179.45,1.217,8.85,24.19,0.426,2
2.740,back_left,196.42,0.853,9.94,24.11,0.298,2
2.740,back_right,194.74,0.911,9.77,24.12,0.319,2
2.760,front_left,195.13,0.882,9.86,24.11,0.309,2
2.760,front_right,179.65,1.195,8.91,24.19,0.418,2
2.760,back_left,196.84,0.877,9.87,24.11,0.307,2
2.760,back_right,195.07,0.976,9.57,24.12,0.342,2
2.780,front_left,193.97,0.822,10.04,24.11,0.288,2
2.780,front_right,179.44,1.150,9.05,24.19,0.403,2
2.780,back_left,194.06,0.889,9.83,24.11,0.311,2
2.780,back_right,194.07,0.919,9.74,24.12,0.322,2
2.800,front_left,197.58,0.837,9.99,24.11,0.293,2
2.800,front_right,182.26,1.157,9.03,24.19,0.405,2
2.800,back_left,193.75,0.876,9.87,24.11,0.307,2
2.800,back_right,193.23,0.924,9.73,24.12,0.323,2
2.820,front_left,193.61,0.801,10.10,24.11,0.280,2
2.820,front_right,179.30,1.194,8.92,24.19,0.418,2
2.820,back_left,193.90,0.873,9.88,24.11,0.306,2
2.820,back_right,192.69,0.913,9.76,24.13,0.320,2
2.840,front_left,196.04,0.831,10.01,24.11,0.291,2
2.840,front_right,180.46,1.154,9.04,24.19,0.404,2
2.840,back_left,195.03,0.861,9.92,24.11,0.301,2
2.840,back_right,192.14,0.921,9.74,24.13,0.322,2
2.860,front_left,196.94,0.776,10.17,24.11,0.271,2
2.860,front_right,182.43,1.149,9.05,24.19,0.402,2
2.860,back_left,195.97,0.837,9.99,24.12,0.293,2
2.860,back_right,193.58,0.882,9.85,24.13,0.309,2
2.880,front_left,196.92,0.825,10.03,24.11,0.289,2
2.880,front_right,180.50,1.188,8.94,24.19,0.416,2
2.880,back_left,193.58,0.847,9.96,24.12,0.296,2
2.880,back_right,193.96,0.883,9.85,24.13,0.309,2
2.900,front_left,194.38,0.813,10.06,24.11,0.284,2
2.900,front_right,181.60,1.233,8.80,24.19,0.431,2
2.900,back_left,193.54,0.839,9.98,24.12,0.294,2
2.900,back_right,192.05,0.918,9.75,24.13,0.321,2
2.920,front_left,196.85,0.876,9.87,24.11,0.307,2
2.920,front_right,180.91,1.186,8.94,24.19,0.415,2
2.920,back_left,196.06,0.850,9.95,24.12,0.297,2
2.920,back_right,194.27,0.900,9.80,24.13,0.315,2
2.940,front_left,199.16,0.825,10.03,24.11,0.289,2
2.940,front_right,181.40,1.196,8.91,24.19,0.418,2
2.940,back_left,196.71,0.900,9.80,24.12,0.315,2
2.940,back_right,192.21,0.875,9.88,24.13,0.306,2
2.960,front_left,197.66,0.832,10.00,24.11,0.291,2
2.960,front_right,180.39,1.179,8.96,24.19,0.413,2
2.960,back_left,196.16,0.839,9.98,24.12,0.293,2
2.960,back_right,194.29,0.895,9.82,24.13,0.313,2
2.980,front_left,194.70,0.783,10.15,24.11,0.274,2
2.980,front_right,182.09,1.142,9.07,24.19,0.400,2
2.980,back_left,194.18,0.805,10.09,24.12,0.282,2
2.980,back_right,194.48,0.909,9.77,24.13,0.318,2
3.000,front_left,196.76,0.843,9.97,24.11,0.295,2
3.000,front_right,180.51,1.190,8.93,24.19,0.417,2
3.000,back_left,194.28,0.902,9.79,24.12,0.316,2
3.000,back_right,195.42,0.867,9.90,24.13,0.303,2
3.020,front_left,197.30,0.837,9.99,24.11,0.293,2
3.020,front_right,180.72,1.154,9.04,24.19,0.404,2
3.020,back_left,193.23,0.841,9.98,24.12,0.294,2
3.020,back_right,194.10,0.888,9.84,24.13,0.311,2
3.040,front_left,193.64,0.868,9.90,24.11,0.304,2
3.040,front_right,179.96,1.278,8.67,24.19,0.447,2
3.040,back_left,190.91,0.852,9.95,24.12,0.298,2
3.040,back_right,193.62,0.877,9.87,24.13,0.307,2
3.060,front_left,195.90,0.850,9.95,24.11,0.298,2
3.060,front_right,181.62,1.141,9.08,24.19,0.399,2
3.060,back_left,195.67,0.846,9.96,24.12,0.296,2
3.060,back_right,194.77,0.902,9.79,24.13,0.316,2
3.080,front_left,197.95,0.835,10.00,24.11,0.292,2
3.080,front_right,183.61,1.185,8.94,24.19,0.415,2
3.080,back_left,193.80,0.856,9.93,24.12,0.300,2
3.080,back_right,192.85,0.899,9.80,24.13,0.315,2
3.100,front_left,195.34,0.801,10.10,24.11,0.280,2
3.100,front_right,178.20,1.183,8.95,24.19,0.414,2
3.100,back_left,195.60,0.877,9.87,24.12,0.307,2
3.100,back_right,196.77,0.909,9.77,24.13,0.318,2
3.120,front_left,194.83,0.801,10.10,24.11,0.280,2
3.120,front_right,182.91,1.248,8.76,24.19,0.437,2
3.120,back_left,195.80,0.857,9.93,24.12,0.300,2
3.120,back_right,194.40,0.931,9.71,24.13,0.326,2
3.140,front_left,196.73,0.826,10.02,24.11,0.289,2
3.140,front_right,181.68,1.207,8.88,24.19,0.423,2
3.140,back_left,193.68,0.878,9.87,24.12,0.307,2
3.140,back_right,193.02,0.871,9.89,24.13,0.305,2
3.160,front_left,196.18,0.827,10.02,24.12,0.290,2
3.160,front_right,180.39,1.200,8.90,24.20,0.420,2
3.160,back_left,194.59,0.827,10.02,24.12,0.289,2
3.160,back_right,191.96,0.872,9.88,24.13,0.305,2
3.180,front_left,192.07,0.851,9.95,24.12,0.298,2
3.180,front_right,180.66,1.189,8.93,24.20,0.416,2
3.180,back_left,197.53,0.844,9.97,24.12,0.296,2
3.180,back_right,193.86,0.864,9.91,24.13,0.302,2
3.200,front_left,196.37,0.850,9.95,24.12,0.297,2
3.200,front_right,182.10,1.187,8.94,24.20,0.416,2
3.200,back_left,194.19,0.902,9.79,24.12,0.316,2
3.200,back_right,195.38,0.859,9.92,24.13,0.301,2
3.220,front_left,195.59,0.816,10.05,24.12,0.286,2
3.220,front_right,181.38,1.242,8.77,24.20,0.435,2
3.220,back_left,196.87,0.873,9.88,24.12,0.306,2
3.220,back_right,191.25,0.911,9.77,24.13,0.319,2
3.240,front_left,197.72,0.842,9.98,24.12,0.295,2
3.240,front_right,182.92,1.201,8.90,24.20,0.420,2
3.240,back_left,197.75,0.872,9.89,24.12,0.305,2
3.240,back_right,193.71,0.919,9.74,24.13,0.322,2
3.260,front_left,197.53,0.821,10.04,24.12,0.287,2
3.260,front_right,182.80,1.151,9.05,24.20,0.403,2
3.260,back_left,195.25,0.850,9.95,24.12,0.298,2
3.260,back_right,193.74,0.860,9.92,24.13,0.301,2
3.280,front_left,193.68,0.855,9.94,24.12,0.299,2
3.280,front_right,183.57,1.166,9.00,24.20,0.408,2
3.280,back_left,195.34,0.820,10.04,24.12,0.287,2
3.280,back_right,192.69,0.880,9.86,24.13,0.308,2
3.300,front_left,194.19,0.813,10.06,24.12,0.285,2
3.300,front_right,183.59,1.196,8.91,24.20,0.419,2
3.300,back_left,196.94,0.881,9.86,24.12,0.308,2
3.300,back_right,193.43,0.908,9.77,24.13,0.318,2
3.320,front_left,196.06,0.847,9.96,24.12,0.297,2
3.320,front_right,181.71,1.181,8.96,24.20,0.413,2
3.320,back_left,193.60,0.845,9.97,24.12,0.296,2
3.320,back_right,195.93,0.869,9.89,24.13,0.304,2
3.340,front_left,194.59,0.843,9.97,24.12,0.295,2
3.340,front_right,184.23,1.187,8.94,24.20,0.415,2
3.340,back_left,194.25,0.831,10.01,24.12,0.291,2
3.340,back_right,193.15,0.915,9.75,24.13,0.320,2
3.360,front_left,194.34,0.827,10.02,24.12,0.290,2
3.360,front_right,178.99,1.199,8.90,24.20,0.420,2
3.360,back_left,192.78,0.843,9.97,24.12,0.295,2
3.360,back_right,194.86,0.903,9.79,24.13,0.316,2
3.380,front_left,197.33,0.789,10.13,24.12,0.276,2
3.380,front_right,182.92,1.194,8.92,24.20,0.418,2
3.380,back_left,194.11,0.861,9.92,24.12,0.302,2
3.380,back_right,192.72,0.906,9.78,24.13,0.317,2
3.400,front_left,196.57,0.789,10.13,24.12,0.276,2
3.400,front_right,181.23,1.181,8.96,24.20,0.413,2
3.400,back_left,194.73,0.902,9.79,24.12,0.316,2
3.400,back_right,191.82,0.889,9.83,24.13,0.311,2
3.420,front_left,195.84,0.839,9.98,24.12,0.294,2
3.420,front_right,186.32,1.195,8.92,24.20,0.418,2
3.420,back_left,195.81,0.863,9.91,24.12,0.302,2
3.420,back_right,191.81,0.866,9.90,24.13,0.303,2
3.440,front_left,197.98,0.847,9.96,24.12,0.297,2
3.440,front_right,179.77,1.141,9.08,24.20,0.399,2
3.440,back_left,196.85,0.869,9.89,24.12,0.304,2
3.440,back_right,193.43,0.883,9.85,24.13,0.309,2
3.460,front_left,195.27,0.860,9.92,24.12,0.301,2
3.460,front_right,185.13,1.151,9.05,24.20,0.403,2
3.460,back_left,195.64,0.852,9.94,24.12,0.298,2
3.460,back_right,196.83,0.871,9.89,24.13,0.305,2
3.480,front_left,192.13,0.829,10.01,24.12,0.290,2
3.480,front_right,184.40,1.212,8.86,24.20,0.424,2
3.480,back_left,193.60,0.830,10.01,24.12,0.290,2
3.480,back_right,194.34,0.905,9.79,24.13,0.317,2
3.500,front_left,191.86,0.059,12.32,24.12,0.021,2
3.500,front_right,182.99,0.130,12.11,24.20,0.045,2
3.500,back_left,195.86,0.120,12.14,24.12,0.042,2
3.500,back_right,194.88,0.100,12.20,24.13,0.035,2
3.520,front_left,166.59,0.093,12.22,24.12,0.033,2
3.520,front_right,159.17,0.123,12.13,24.20,0.043,2
3.520,back_left,172.41,0.075,12.28,24.12,0.026,2
3.520,back_right,169.37,0.108,12.18,24.13,0.038,2
3.540,front_left,129.92,0.091,12.23,24.12,0.032,2
3.540,front_right,124.43,0.147,12.06,24.20,0.052,2
3.540,back_left,133.23,0.043,12.37,24.12,0.015,2
3.540,back_right,130.06,0.105,12.19,24.13,0.037,2
3.560,front_left,87.22,0.077,12.27,24.12,0.027,2
3.560,front_right,82.24,0.149,12.05,24.20,0.052,2
3.560,back_left,90.14,0.142,12.07,24.12,0.050,2
3.560,back_right,85.76,0.080,12.26,24.13,0.028,2
3.580,front_left,51.39,0.134,12.10,24.12,0.047,2
3.580,front_right,46.76,0.160,12.02,24.20,0.056,2
3.580,back_left,53.32,0.060,12.32,24.12,0.021,2
3.580,back_right,51.48,0.109,12.17,24.13,0.038,2
3.600,front_left,26.22,0.080,12.26,24.12,0.028,2
3.600,front_right,24.66,0.186,11.94,24.20,0.065,2
3.600,back_left,30.37,0.124,12.13,24.12,0.043,2
3.600,back_right,28.61,0.082,12.26,24.13,0.029,2
3.620,front_left,11.98,0.057,12.33,24.12,0.020,2
3.620,front_right,11.72,0.144,12.07,24.20,0.050,2
3.620,back_left,13.94,0.119,12.14,24.12,0.042,2
3.620,back_right,11.83,0.104,12.19,24.13,0.036,2
3.640,front_left,0.69,0.006,12.48,24.12,0.002,2
3.640,front_right,4.15,0.156,12.03,24.20,0.055,2
3.640,back_left,4.61,0.103,12.19,24.12,0.036,2
3.640,back_right,3.22,0.119,12.14,24.13,0.042,2
3.660,front_left,-0.25,0.079,12.26,24.12,0.028,2
3.660,front_right,0.82,0.199,11.90,24.20,0.070,2
3.660,back_left,0.46,0.072,12.28,24.12,0.025,2
3.660,back_right,2.19,0.092,12.22,24.13,0.032,2
3.680,front_left,-2.33,0.073,12.28,24.12,0.026,2
3.680,front_right,1.12,0.122,12.13,24.20,0.043,2
3.680,back_left,-0.84,0.116,12.15,24.12,0.041,2
3.680,back_right,1.01,0.095,12.22,24.13,0.033,2
3.700,front_left,0.16,0.054,12.34,24.12,0.019,2
3.700,front_right,1.72,0.152,12.04,24.20,0.053,2
3.700,back_left,1.45,0.104,12.19,24.12,0.037,2
3.700,back_right,-0.11,0.117,12.15,24.13,0.041,2
3.720,front_left,0.74,0.133,12.10,24.12,0.046,2
3.720,front_right,1.25,0.169,11.99,24.20,0.059,2
3.720,back_left,-0.85,0.107,12.18,24.12,0.038,2
3.720,back_right,1.71,0.081,12.26,24.13,0.028,2
3.740,front_left,-0.57,0.144,12.07,24.12,0.050,2
3.740,front_right,2.26,0.151,12.05,24.20,0.053,2
3.740,back_left,0.79,0.079,12.26,24.12,0.028,2
3.740,back_right,-0.35,0.139,12.08,24.13,0.049,2
3.760,front_left,-0.25,0.078,12.27,24.12,0.027,2
3.760,front_right,2.11,0.135,12.09,24.20,0.047,2
3.760,back_left,0.33,0.108,12.18,24.12,0.038,2
3.760,back_right,-0.95,0.100,12.20,24.13,0.035,2
3.780,front_left,1.05,0.109,12.17,24.12,0.038,2
3.780,front_right,-0.92,0.139,12.08,24.20,0.049,2
3.780,back_left,-0.25,0.096,12.21,24.12,0.034,2
3.780,back_right,0.36,0.085,12.24,24.13,0.030,2
3.800,front_left,-0.16,0.014,12.46,24.12,0.005,2
3.800,front_right,1.42,0.191,11.93,24.20,0.067,2
3.800,back_left,-0.95,0.141,12.08,24.12,0.049,2
3.800,back_right,-0.92,0.155,12.03,24.13,0.054,2
3.820,front_left,0.60,0.048,12.36,24.12,0.017,2
3.820,front_right,0.91,0.156,12.03,24.20,0.055,2
3.820,back_left,1.27,0.104,12.19,24.12,0.036,2
3.820,back_right,-2.66,0.072,12.28,24.13,0.025,2
3.840,front_left,1.84,0.093,12.22,24.12,0.033,2
3.840,front_right,2.39,0.153,12.04,24.20,0.054,2
3.840,back_left,-0.65,0.083,12.25,24.12,0.029,2
3.840,back_right,-3.09,0.098,12.21,24.13,0.034,2
3.860,front_left,-0.07,0.091,12.23,24.12,0.032,2
3.860,front_right,-0.39,0.131,12.11,24.20,0.046,2
3.860,back_left,0.12,0.062,12.31,24.12,0.022,2
3.860,back_right,1.04,0.135,12.09,24.13,0.047,2
3.880,front_left,-0.52,0.082,12.25,24.12,0.029,2
3.880,front_right,-3.17,0.102,12.19,24.20,0.036,2
3.880,back_left,-0.05,0.063,12.31,24.12,0.022,2
3.880,back_right,-0.30,0.130,12.11,24.13,0.046,2
3.900,front_left,1.68,0.102,12.20,24.12,0.036,2
3.900,front_right,0.12,0.184,11.95,24.20,0.064,2
3.900,back_left,1.61,0.106,12.18,24.12,0.037,2
3.900,back_right,-1.39,0.110,12.17,24.13,0.038,2
3.920,front_left,-0.70,0.097,12.21,24.12,0.034,2
3.920,front_right,1.47,0.147,12.06,24.20,0.051,2
3.920,back_left,0.50,0.076,12.27,24.12,0.027,2
3.920,back_right,1.15,0.093,12.22,24.13,0.033,2
3.940,front_left,0.95,0.119,12.14,24.12,0.042,2
3.940,front_right,0.82,0.212,11.86,24.20,0.074,2
3.940,back_left,-0.44,0.105,12.19,24.12,0.037,2
3.940,back_right,-0.68,0.102,12.20,24.13,0.036,2
3.960,front_left,0.78,0.123,12.13,24.12,0.043,2
3.960,front_right,1.20,0.176,11.97,24.20,0.061,2
3.960,back_left,-0.80,0.076,12.27,24.12,0.027,2
3.960,back_right,-0.59,0.134,12.10,24.13,0.047,2
3.980,front_left,-0.31,0.127,12.12,24.12,0.045,2
3.980,front_right,0.93,0.203,11.89,24.20,0.071,2
3.980,back_left,-0.45,0.109,12.17,24.12,0.038,2
3.980,back_right,-1.29,0.097,12.21,24.13,0.034,2
4.000,front_left,1.27,0.069,12.29,24.12,0.024,2
4.000,front_right,1.40,0.119,12.14,24.20,0.042,2
4.000,back_left,-0.15,0.098,12.20,24.12,0.034,2
4.000,back_right,-0.94,0.120,12.14,24.13,0.042,2
4.020,front_left,1.35,0.098,12.21,24.12,0.034,2
4.020,front_right,0.07,0.144,12.07,24.20,0.051,2
4.020,back_left,-0.48,0.054,12.34,24.12,0.019,2
4.020,back_right,-3.61,0.129,12.11,24.13,0.045,2
4.040,front_left,1.76,0.078,12.27,24.12,0.027,2
4.040,front_right,1.47,0.140,12.08,24.20,0.049,2
4.040,back_left,0.20,0.127,12.12,24.12,0.045,2
4.040,back_right,0.79,0.141,12.08,24.13,0.050,2
4.060,front_left,1.80,0.089,12.23,24.12,0.031,2
4.060,front_right,0.94,0.149,12.05,24.20,0.052,2
4.060,back_left,-0.64,0.083,12.25,24.12,0.029,2
4.060,back_right,0.89,0.112,12.16,24.13,0.039,2
4.080,front_left,-0.75,0.099,12.20,24.12,0.035,2
4.080,front_right,0.91,0.128,12.11,24.20,0.045,2
4.080,back_left,0.17,0.125,12.13,24.12,0.044,2
4.080,back_right,-1.22,0.073,12.28,24.13,0.026,2
4.100,front_left,-1.15,0.075,12.28,24.12,0.026,2
4.100,front_right,0.81,0.131,12.11,24.20,0.046,2
4.100,back_left,-0.37,0.100,12.20,24.12,0.035,2
4.100,back_right,-0.59,0.091,12.23,24.13,0.032,2
4.120,front_left,0.69,0.074,12.28,24.12,0.026,2
4.120,front_right,-0.38,0.169,11.99,24.20,0.059,2
4.120,back_left,4.32,0.088,12.23,24.12,0.031,2
4.120,back_right,1.40,0.111,12.17,24.13,0.039,2
4.140,front_left,0.57,0.133,12.10,24.12,0.047,2
4.140,front_right,-0.10,0.112,12.16,24.20,0.039,2
4.140,back_left,-2.08,0.113,12.16,24.12,0.040,2
4.140,back_right,1.82,0.110,12.17,24.13,0.039,2
4.160,front_left,1.00,0.090,12.23,24.12,0.031,2
4.160,front_right,0.31,0.163,12.01,24.20,0.057,2
4.160,back_left,0.20,0.106,12.18,24.12,0.037,2
4.160,back_right,1.65,0.131,12.11,24.13,0.046,2
4.180,front_left,-1.97,0.094,12.22,24.12,0.033,2
4.180,front_right,-4.04,0.148,12.06,24.20,0.052,2
4.180,back_left,-0.73,0.110,12.17,24.12,0.038,2
4.180,back_right,2.92,0.093,12.22,24.13,0.033,2
4.200,front_left,-1.20,0.089,12.23,24.12,0.031,2
4.200,front_right,0.44,0.120,12.14,24.20,0.042,2
4.200,back_left,1.35,0.084,12.25,24.12,0.029,2
4.200,back_right,1.01,0.077,12.27,24.13,0.027,2
4.220,front_left,1.38,0.114,12.16,24.12,0.040,2
4.220,front_right,0.15,0.202,11.89,24.20,0.071,2
4.220,back_left,1.43,0.106,12.18,24.12,0.037,2
4.220,back_right,2.27,0.091,12.23,24.13,0.032,2
4.240,front_left,-0.12,0.084,12.25,24.12,0.029,2
4.240,front_right,0.83,0.163,12.01,24.20,0.057,2
4.240,back_left,0.05,0.080,12.26,24.12,0.028,2
4.240,back_right,-0.88,0.064,12.31,24.13,0.022,2
4.260,front_left,0.21,0.062,12.31,24.12,0.022,2
4.260,front_right,-0.03,0.175,11.98,24.20,0.061,2
4.260,back_left,-1.93,0.119,12.14,24.12,0.042,2
4.260,back_right,0.40,0.082,12.26,24.13,0.029,2
4.280,front_left,-0.44,0.109,12.17,24.12,0.038,2
4.280,front_right,0.27,0.122,12.13,24.20,0.043,2
4.280,back_left,0.25,0.081,12.26,24.12,0.028,2
4.280,back_right,1.70,0.143,12.07,24.13,0.050,2
4.300,front_left,-0.70,0.066,12.30,24.12,0.023,2
4.300,front_right,2.55,0.137,12.09,24.20,0.048,2
4.300,back_left,0.95,0.062,12.31,24.12,0.022,2
4.300,back_right,-0.13,0.109,12.17,24.13,0.038,2
4.320,front_left,1.22,0.147,12.06,24.12,0.051,2
4.320,front_right,-1.88,0.143,12.07,24.20,0.050,2
4.320,back_left,-2.51,0.055,12.34,24.12,0.019,2
4.320,back_right,-2.25,0.082,12.25,24.13,0.029,2
4.340,front_left,-0.99,0.111,12.17,24.12,0.039,2
4.340,front_right,-0.62,0.148,12.06,24.20,0.052,2
4.340,back_left,-0.98,0.074,12.28,24.12,0.026,2
4.340,back_right,1.95,0.103,12.19,24.13,0.036,2
4.360,front_left,-0.06,0.069,12.29,24.12,0.024,2
4.360,front_right,-2.02,0.189,11.93,24.20,0.066,2
4.360,back_left,-0.57,0.106,12.18,24.12,0.037,2
4.360,back_right,0.80,0.114,12.16,24.13,0.040,2
4.380,front_left,-2.07,0.078,12.27,24.12,0.027,2
4.380,front_right,1.43,0.147,12.06,24.20,0.051,2
4.380,back_left,0.67,0.116,12.15,24.12,0.041,2
4.380,back_right,2.01,0.085,12.25,24.13,0.030,2
4.400,front_left,-1.14,0.117,12.15,24.12,0.041,2
4.400,front_right,0.86,0.153,12.04,24.20,0.054,2
4.400,back_left,0.05,0.157,12.03,24.12,0.055,2
4.400,back_right,2.10,0.131,12.11,24.13,0.046,2
4.420,front_left,0.04,0.057,12.33,24.12,0.020,2
4.420,front_right,0.79,0.162,12.01,24.20,0.057,2
4.420,back_left,-1.95,0.045,12.36,24.12,0.016,2
4.420,back_right,-0.33,0.109,12.17,24.13,0.038,2
4.440,front_left,0.65,0.110,12.17,24.12,0.038,2
4.440,front_right,0.47,0.135,12.10,24.20,0.047,2
4.440,back_left,1.66,0.100,12.20,24.12,0.035,2
4.440,back_right,0.95,0.077,12.27,24.13,0.027,2
4.460,front_left,-0.69,0.085,12.25,24.12,0.030,2
4.460,front_right,1.13,0.164,12.01,24.20,0.057,2
4.460,back_left,-0.47,0.102,12.19,24.12,0.036,2
4.460,back_right,0.96,0.061,12.32,24.13,0.021,2
4.480,front_left,-0.68,0.098,12.21,24.12,0.034,2
4.480,front_right,2.25,0.103,12.19,24.20,0.036,2
4.480,back_left,0.44,0.111,12.17,24.12,0.039,2
4.480,back_right,-3.22,0.070,12.29,24.13,0.024,2
4.500,front_left,1.16,0.824,10.03,24.12,0.289,2
4.500,front_right,0.21,1.170,8.99,24.20,0.410,2
4.500,back_left,-1.13,0.830,10.01,24.12,0.290,2
4.500,back_right,-0.92,0.900,9.80,24.14,0.315,2
4.520,front_left,-13.72,0.891,9.83,24.12,0.312,2
4.520,front_right,-3.66,1.195,8.92,24.20,0.418,2
4.520,back_left,-13.83,0.850,9.95,24.12,0.298,2
4.520,back_right,-12.88,0.908,9.78,24.14,0.318,2
4.540,front_left,-26.03,0.869,9.89,24.12,0.304,2
4.540,front_right,-10.07,1.225,8.83,24.20,0.429,2
4.540,back_left,-24.88,0.798,10.11,24.12,0.279,2
4.540,back_right,-20.81,0.889,9.83,24.14,0.311,2
4.560,front_left,-40.31,0.803,10.09,24.12,0.281,2
4.560,front_right,-16.27,1.206,8.88,24.20,0.422,2
4.560,back_left,-38.34,0.874,9.88,24.12,0.306,2
4.560,back_right,-31.90,0.920,9.74,24.14,0.322,2
4.580,front_left,-47.11,0.872,9.88,24.12,0.305,2
4.580,front_right,-23.97,1.227,8.82,24.20,0.429,2
4.580,back_left,-46.54,0.837,9.99,24.13,0.293,2
4.580,back_right,-40.82,0.897,9.81,24.14,0.314,2
4.600,front_left,-59.23,0.841,9.98,24.12,0.294,2
4.600,front_right,-28.99,1.208,8.87,24.21,0.423,2
4.600,back_left,-54.31,0.895,9.82,24.13,0.313,2
4.600,back_right,-48.26,0.920,9.74,24.14,0.322,2
4.620,front_left,-67.81,0.819,10.04,24.12,0.287,2
4.620,front_right,-34.23,1.158,9.03,24.21,0.405,2
4.620,back_left,-63.61,0.860,9.92,24.13,0.301,2
4.620,back_right,-59.77,0.921,9.74,24.14,0.322,2
4.640,front_left,-76.53,0.873,9.88,24.12,0.306,2
4.640,front_right,-38.24,1.223,8.83,24.21,0.428,2
4.640,back_left,-74.40,0.858,9.93,24.13,0.300,2
4.640,back_right,-65.97,0.950,9.65,24.14,0.333,2
4.660,front_left,-86.65,0.819,10.04,24.12,0.287,2
4.660,front_right,-44.37,1.179,8.96,24.21,0.413,2
4.660,back_left,-80.18,0.848,9.95,24.13,0.297,2
4.660,back_right,-72.68,0.907,9.78,24.14,0.317,2
4.680,front_left,-93.14,0.785,10.15,24.12,0.275,2
4.680,front_right,-47.14,1.180,8.96,24.21,0.413,2
4.680,back_left,-90.23,0.848,9.96,24.13,0.297,2
4.680,back_right,-77.33,0.926,9.72,24.14,0.324,2
4.700,front_left,-99.82,0.832,10.00,24.12,0.291,2
4.700,front_right,-51.66,1.180,8.96,24.21,0.413,2
4.700,back_left,-98.22,0.869,9.89,24.13,0.304,2
4.700,back_right,-85.81,0.923,9.73,24.14,0.323,2
4.720,front_left,-106.62,0.842,9.97,24.12,0.295,2
4.720,front_right,-56.19,1.236,8.79,24.21,0.432,2
4.720,back_left,-102.78,0.879,9.86,24.13,0.308,2
4.720,back_right,-91.83,0.901,9.80,24.14,0.315,2
4.740,front_left,-112.29,0.789,10.13,24.12,0.276,2
4.740,front_right,-62.12,1.178,8.97,24.21,0.412,2
4.740,back_left,-108.80,0.837,9.99,24.13,0.293,2
4.740,back_right,-97.13,0.896,9.81,24.14,0.313,2
4.760,front_left,-122.02,0.825,10.02,24.12,0.289,2
4.760,front_right,-63.72,1.176,8.97,24.21,0.411,2
4.760,back_left,-115.73,0.871,9.89,24.13,0.305,2
4.760,back_right,-104.01,0.928,9.72,24.14,0.325,2
4.780,front_left,-122.63,0.841,9.98,24.12,0.294,2
4.780,front_right,-67.60,1.149,9.05,24.21,0.402,2
4.780,back_left,-118.82,0.887,9.84,24.13,0.310,2
4.780,back_right,-109.40,0.930,9.71,24.14,0.325,2
4.800,front_left,-130.22,0.841,9.98,24.12,0.295,2
4.800,front_right,-72.97,1.234,8.80,24.21,0.432,2
4.800,back_left,-124.23,0.862,9.92,24.13,0.302,2
4.800,back_right,-113.17,0.879,9.86,24.14,0.308,2
4.820,front_left,-135.29,0.856,9.93,24.12,0.300,2
4.820,front_right,-74.84,1.225,8.82,24.21,0.429,2
4.820,back_left,-129.98,0.910,9.77,24.13,0.318,2
4.820,back_right,-120.60,0.891,9.83,24.14,0.312,2
4.840,front_left,-137.52,0.812,10.06,24.12,0.284,2
4.840,front_right,-77.58,1.175,8.98,24.21,0.411,2
4.840,back_left,-138.20,0.848,9.96,24.13,0.297,2
4.840,back_right,-123.73,0.882,9.85,24.14,0.309,2
4.860,front_left,-140.13,0.859,9.92,24.12,0.301,2
4.860,front_right,-84.81,1.224,8.83,24.21,0.428,2
4.860,back_left,-135.57,0.846,9.96,24.13,0.296,2
4.860,back_right,-124.64,0.886,9.84,24.14,0.310,2
4.880,front_left,-146.77,0.843,9.97,24.12,0.295,2
4.880,front_right,-85.57,1.238,8.78,24.21,0.433,2
4.880,back_left,-138.75,0.844,9.97,24.13,0.296,2
4.880,back_right,-131.10,0.935,9.69,24.14,0.327,2
4.900,front_left,-149.64,0.855,9.94,24.12,0.299,2
4.900,front_right,-87.86,1.202,8.90,24.21,0.421,2
4.900,back_left,-143.85,0.842,9.97,24.13,0.295,2
4.900,back_right,-135.44,0.955,9.63,24.14,0.334,2
4.920,front_left,-151.55,0.878,9.87,24.13,0.307,2
4.920,front_right,-94.78,1.208,8.87,24.21,0.423,2
4.920,back_left,-146.89,0.862,9.91,24.13,0.302,2
4.920,back_right,-134.82,0.878,9.87,24.14,0.307,2
4.940,front_left,-157.90,0.774,10.18,24.13,0.271,2
4.940,front_right,-96.55,1.208,8.88,24.21,0.423,2
4.940,back_left,-149.90,0.860,9.92,24.13,0.301,2
4.940,back_right,-142.66,0.947,9.66,24.14,0.332,2
4.960,front_left,-161.51,0.835,9.99,24.13,0.292,2
4.960,front_right,-98.05,1.149,9.05,24.21,0.402,2
4.960,back_left,-153.87,0.832,10.00,24.13,0.291,2
4.960,back_right,-144.48,0.880,9.86,24.14,0.308,2
4.980,front_left,-160.87,0.907,9.78,24.13,0.317,2
4.980,front_right,-103.13,1.156,9.03,24.21,0.405,2
4.980,back_left,-157.44,0.847,9.96,24.13,0.296,2
4.980,back_right,-149.05,0.907,9.78,24.14,0.317,2
5.000,front_left,-165.61,0.824,10.03,24.13,0.289,2
5.000,front_right,-103.45,1.163,9.01,24.21,0.407,2
5.000,back_left,-163.78,0.833,10.00,24.13,0.292,2
5.000,back_right,-146.15,0.933,9.70,24.14,0.327,2
5.020,front_left,-167.35,0.871,9.89,24.13,0.305,2
5.020,front_right,-103.32,1.181,8.96,24.21,0.413,2
5.020,back_left,-163.51,0.826,10.02,24.13,0.289,2
5.020,back_right,-152.12,0.952,9.65,24.14,0.333,2
5.040,front_left,-168.86,0.862,9.91,24.13,0.302,2
5.040,front_right,-109.23,1.185,8.94,24.22,0.415,2
5.040,back_left,-165.86,0.876,9.87,24.13,0.307,2
5.040,back_right,-155.35,0.915,9.76,24.14,0.320,2
5.060,front_left,-168.10,0.850,9.95,24.13,0.297,2
5.060,front_right,-110.58,1.215,8.85,24.22,0.425,2
5.060,back_left,-164.96,0.854,9.94,24.13,0.299,2
5.060,back_right,-155.13,0.881,9.86,24.14,0.308,2
5.080,front_left,-171.60,0.813,10.06,24.13,0.284,2
5.080,front_right,-113.61,1.208,8.88,24.22,0.423,2
5.080,back_left,-168.69,0.846,9.96,24.13,0.296,2
5.080,back_right,-156.14,0.900,9.80,24.14,0.315,2
5.100,front_left,-171.70,0.864,9.91,24.13,0.303,2
5.100,front_right,-114.47,1.158,9.03,24.22,0.405,2
5.100,back_left,-167.48,0.795,10.11,24.13,0.278,2
5.100,back_right,-162.43,0.867,9.90,24.14,0.304,2
5.120,front_left,-171.98,0.828,10.02,24.13,0.290,2
5.120,front_right,-116.10,1.228,8.82,24.22,0.430,2
5.120,back_left,-172.93,0.804,10.09,24.13,0.282,2
5.120,back_right,-164.59,0.878,9.87,24.14,0.307,2
5.140,front_left,-178.83,0.812,10.06,24.13,0.284,2
5.140,front_right,-119.46,1.195,8.92,24.22,0.418,2
5.140,back_left,-172.69,0.880,9.86,24.13,0.308,2
5.140,back_right,-163.68,0.884,9.85,24.14,0.309,2
5.160,front_left,-179.44,0.828,10.02,24.13,0.290,2
5.160,front_right,-120.80,1.204,8.89,24.22,0.421,2
5.160,back_left,-174.17,0.906,9.78,24.13,0.317,2
5.160,back_right,-167.77,0.902,9.79,24.15,0.316,2
5.180,front_left,-179.76,0.820,10.04,24.13,0.287,2
5.180,front_right,-121.69,1.206,8.88,24.22,0.422,2
5.180,back_left,-175.15,0.849,9.95,24.13,0.297,2
5.180,back_right,-167.10,0.914,9.76,24.15,0.320,2
5.200,front_left,-183.88,0.780,10.16,24.13,0.273,2
5.200,front_right,-126.85,1.220,8.84,24.22,0.427,2
5.200,back_left,-177.69,0.829,10.01,24.13,0.290,2
5.200,back_right,-170.32,0.917,9.75,24.15,0.321,2
5.220,front_left,-181.13,0.824,10.03,24.13,0.288,2
5.220,front_right,-128.10,1.161,9.02,24.22,0.406,2
5.220,back_left,-177.67,0.894,9.82,24.13,0.313,2
5.220,back_right,-170.51,0.870,9.89,24.15,0.305,2
5.240,front_left,-182.76,0.856,9.93,24.13,0.300,2
5.240,front_right,-129.86,1.167,9.00,24.22,0.408,2
5.240,back_left,-179.46,0.854,9.94,24.13,0.299,2
5.240,back_right,-172.43,0.901,9.80,24.15,0.315,2
5.260,front_left,-183.88,0.806,10.08,24.13,0.282,2
5.260,front_right,-131.60,1.167,9.00,24.22,0.408,2
5.260,back_left,-182.60,0.860,9.92,24.13,0.301,2
5.260,back_right,-173.12,0.915,9.75,24.15,0.320,2
5.280,front_left,-185.38,0.859,9.92,24.13,0.300,2
5.280,front_right,-134.41,1.134,9.10,24.22,0.397,2
5.280,back_left,-179.81,0.864,9.91,24.13,0.302,2
5.280,back_right,-174.69,0.905,9.78,24.15,0.317,2
5.300,front_left,-186.11,0.837,9.99,24.13,0.293,2
5.300,front_right,-132.84,1.223,8.83,24.22,0.428,2
5.300,back_left,-183.70,0.848,9.96,24.14,0.297,2
5.300,back_right,-176.10,0.913,9.76,24.15,0.320,2
5.320,front_left,-184.67,0.780,10.16,24.13,0.273,2
5.320,front_right,-140.07,1.186,8.94,24.22,0.415,2
5.320,back_left,-182.51,0.879,9.86,24.14,0.308,2
5.320,back_right,-177.17,0.871,9.89,24.15,0.305,2
5.340,front_left,-187.38,0.862,9.91,24.13,0.302,2
5.340,front_right,-137.65,1.226,8.82,24.22,0.429,2
5.340,back_left,-184.24,0.884,9.85,24.14,0.309,2
5.340,back_right,-174.98,0.931,9.71,24.15,0.326,2
5.360,front_left,-185.73,0.851,9.95,24.13,0.298,2
5.360,front_right,-139.93,1.217,8.85,24.22,0.426,2
5.360,back_left,-185.37,0.849,9.95,24.14,0.297,2
5.360,back_right,-177.71,0.895,9.82,24.15,0.313,2
5.380,front_left,-186.16,0.846,9.96,24.13,0.296,2
5.380,front_right,-142.08,1.212,8.86,24.22,0.424,2
5.380,back_left,-184.17,0.912,9.76,24.14,0.319,2
5.380,back_right,-179.29,0.892,9.82,24.15,0.312,2
5.400,front_left,-190.74,0.832,10.00,24.13,0.291,2
5.400,front_right,-140.78,1.176,8.97,24.22,0.412,2
5.400,back_left,-184.71,0.905,9.78,24.14,0.317,2
5.400,back_right,-177.62,0.878,9.87,24.15,0.307,2
5.420,front_left,-187.17,0.866,9.90,24.13,0.303,2
5.420,front_right,-142.78,1.170,8.99,24.22,0.409,2
5.420,back_left,-184.88,0.861,9.92,24.14,0.302,2
5.420,back_right,-180.99,0.918,9.75,24.15,0.321,2
5.440,front_left,-191.06,0.843,9.97,24.13,0.295,2
5.440,front_right,-144.22,1.179,8.96,24.22,0.413,2
5.440,back_left,-186.93,0.863,9.91,24.14,0.302,2
5.440,back_right,-181.00,0.897,9.81,24.15,0.314,2
5.460,front_left,-189.81,0.865,9.91,24.13,0.303,2
5.460,front_right,-149.03,1.155,9.03,24.22,0.404,2
5.460,back_left,-186.88,0.845,9.96,24.14,0.296,2
5.460,back_right,-182.01,0.891,9.83,24.15,0.312,2
5.480,front_left,-192.11,0.839,9.98,24.13,0.294,2
5.480,front_right,-145.44,1.219,8.84,24.23,0.427,2
5.480,back_left,-185.81,0.844,9.97,24.14,0.295,2
5.480,back_right,-182.37,0.918,9.75,24.15,0.321,2
5.500,front_left,-189.33,0.838,9.99,24.13,0.293,2
5.500,front_right,-146.82,1.209,8.87,24.23,0.423,2
5.500,back_left,-186.62,0.841,9.98,24.14,0.294,2
5.500,back_right,-182.25,0.929,9.71,24.15,0.325,2
5.520,front_left,-189.72,0.870,9.89,24.13,0.305,2
5.520,front_right,-149.47,1.222,8.83,24.23,0.428,2
5.520,back_left,-190.36,0.864,9.91,24.14,0.302,2
5.520,back_right,-181.97,0.895,9.82,24.15,0.313,2
5.540,front_left,-191.67,0.839,9.98,24.13,0.294,2
5.540,front_right,-149.62,1.187,8.94,24.23,0.416,2
5.540,back_left,-187.17,0.816,10.05,24.14,0.286,2
5.540,back_right,-185.44,0.897,9.81,24.15,0.314,2
5.560,front_left,-191.61,0.833,10.00,24.13,0.292,2
5.560,front_right,-151.52,1.139,9.08,24.23,0.399,2
5.560,back_left,-188.72,0.857,9.93,24.14,0.300,2
5.560,back_right,-185.07,0.945,9.67,24.15,0.331,2
5.580,front_left,-191.36,0.842,9.98,24.13,0.295,2
5.580,front_right,-151.29,1.182,8.95,24.23,0.414,2
5.580,back_left,-188.51,0.896,9.81,24.14,0.314,2
5.580,back_right,-183.54,0.909,9.77,24.15,0.318,2
5.600,front_left,-190.10,0.902,9.80,24.13,0.316,2
5.600,front_right,-150.97,1.200,8.90,24.23,0.420,2
5.600,back_left,-190.24,0.890,9.83,24.14,0.312,2
5.600,back_right,-187.18,0.865,9.90,24.15,0.303,2
5.620,front_left,-190.54,0.842,9.97,24.13,0.295,2
5.620,front_right,-155.79,1.230,8.81,24.23,0.431,2
5.620,back_left,-189.72,0.855,9.94,24.14,0.299,2
5.620,back_right,-183.00,0.964,9.61,24.15,0.338,2
5.640,front_left,-191.18,0.813,10.06,24.13,0.285,2
5.640,front_right,-156.12,1.168,9.00,24.23,0.409,2
5.640,back_left,-189.52,0.830,10.01,24.14,0.290,2
5.640,back_right,-187.63,0.890,9.83,24.15,0.312,2
5.660,front_left,-195.76,0.815,10.06,24.13,0.285,2
5.660,front_right,-157.91,1.190,8.93,24.23,0.417,2
5.660,back_left,-191.61,0.857,9.93,24.14,0.300,2
5.660,back_right,-189.03,0.883,9.85,24.15,0.309,2
5.680,front_left,-192.95,0.834,10.00,24.14,0.292,2
5.680,front_right,-158.18,1.200,8.90,24.23,0.420,2
5.680,back_left,-191.58,0.800,10.10,24.14,0.280,2
5.680,back_right,-185.52,0.905,9.79,24.15,0.317,2
5.700,front_left,-193.51,0.888,9.83,24.14,0.311,2
5.700,front_right,-158.75,1.160,9.02,24.23,0.406,2
5.700,back_left,-188.77,0.850,9.95,24.14,0.298,2
5.700,back_right,-188.93,0.914,9.76,24.15,0.320,2
5.720,front_left,-192.34,0.858,9.92,24.14,0.300,2
5.720,front_right,-159.34,1.193,8.92,24.23,0.418,2
5.720,back_left,-193.87,0.828,10.02,24.14,0.290,2
5.720,back_right,-190.72,0.907,9.78,24.15,0.317,2
5.740,front_left,-193.63,0.846,9.96,24.14,0.296,2
5.740,front_right,-160.20,1.209,8.87,24.23,0.423,2
5.740,back_left,-193.70,0.870,9.89,24.14,0.304,2
5.740,back_right,-189.04,0.888,9.84,24.15,0.311,2
5.760,front_left,-193.08,0.850,9.95,24.14,0.297,2
5.760,front_right,-160.54,1.182,8.95,24.23,0.414,2
5.760,back_left,-193.69,0.856,9.93,24.14,0.299,2
5.760,back_right,-189.56,0.883,9.85,24.15,0.309,2
5.780,front_left,-193.31,0.833,10.00,24.14,0.292,2
5.780,front_right,-163.00,1.230,8.81,24.23,0.431,2
5.780,back_left,-191.97,0.851,9.95,24.14,0.298,2
5.780,back_right,-190.01,0.914,9.76,24.15,0.320,2
5.800,front_left,-195.24,0.832,10.00,24.14,0.291,2
5.800,front_right,-160.66,1.211,8.87,24.23,0.424,2
5.800,back_left,-196.08,0.844,9.97,24.14,0.296,2
5.800,back_right,-189.24,0.898,9.81,24.15,0.314,2
5.820,front_left,-193.56,0.798,10.11,24.14,0.279,2
5.820,front_right,-164.22,1.205,8.88,24.23,0.422,2
5.820,back_left,-193.32,0.925,9.73,24.14,0.324,2
5.820,back_right,-186.75,0.891,9.83,24.16,0.312,2
5.840,front_left,-198.79,0.818,10.05,24.14,0.286,2
5.840,front_right,-164.90,1.189,8.93,24.23,0.416,2
5.840,back_left,-193.12,0.837,9.99,24.14,0.293,2
5.840,back_right,-188.32,0.886,9.84,24.16,0.310,2
5.860,front_left,-193.80,0.878,9.86,24.14,0.307,2
5.860,front_right,-164.58,1.224,8.83,24.23,0.429,2
5.860,back_left,-190.85,0.825,10.03,24.14,0.289,2
5.860,back_right,-190.05,0.950,9.65,24.16,0.333,2
5.880,front_left,-195.94,0.844,9.97,24.14,0.295,2
5.880,front_right,-164.70,1.212,8.86,24.23,0.424,2
5.880,back_left,-193.95,0.861,9.92,24.14,0.301,2
5.880,back_right,-192.07,0.858,9.93,24.16,0.300,2
5.900,front_left,-194.92,0.854,9.94,24.14,0.299,2
5.900,front_right,-165.59,1.151,9.05,24.23,0.403,2
5.900,back_left,-194.07,0.853,9.94,24.14,0.299,2
5.900,back_right,-191.58,0.870,9.89,24.16,0.305,2
5.920,front_left,-196.52,0.826,10.02,24.14,0.289,2
5.920,front_right,-166.86,1.179,8.96,24.23,0.413,2
5.920,back_left,-192.46,0.842,9.97,24.14,0.295,2
5.920,back_right,-189.99,0.940,9.68,24.16,0.329,2
5.940,front_left,-192.97,0.851,9.95,24.14,0.298,2
5.940,front_right,-167.58,1.183,8.95,24.24,0.414,2
5.940,back_left,-195.31,0.904,9.79,24.14,0.317,2
5.940,back_right,-189.86,0.907,9.78,24.16,0.317,2
5.960,front_left,-195.20,0.832,10.00,24.14,0.291,2
5.960,front_right,-165.29,1.222,8.83,24.24,0.428,2
5.960,back_left,-197.12,0.855,9.94,24.14,0.299,2
5.960,back_right,-191.11,0.902,9.79,24.16,0.316,2
5.980,front_left,-193.83,0.859,9.92,24.14,0.301,2
5.980,front_right,-165.93,1.219,8.84,24.24,0.427,2
5.980,back_left,-190.77,0.875,9.87,24.14,0.306,2
5.980,back_right,-191.09,0.896,9.81,24.16,0.314,2
6.000,front_left,-193.64,0.880,9.86,24.14,0.308,2
6.000,front_right,-167.11,1.213,8.86,24.24,0.425,2
6.000,back_left,-191.83,0.876,9.87,24.14,0.307,2
6.000,back_right,-190.26,0.887,9.84,24.16,0.310,2
6.020,front_left,-196.48,0.840,9.98,24.14,0.294,2
6.020,front_right,-170.09,1.199,8.90,24.24,0.420,2
6.020,back_left,-193.22,0.826,10.02,24.14,0.289,2
6.020,back_right,-193.76,0.902,9.79,24.16,0.316,2
6.040,front_left,-196.45,0.852,9.95,24.14,0.298,2
6.040,front_right,-171.38,1.196,8.91,24.24,0.419,2
6.040,back_left,-195.74,0.825,10.03,24.15,0.289,2
6.040,back_right,-194.46,0.926,9.72,24.16,0.324,2
6.060,front_left,-196.13,0.830,10.01,24.14,0.291,2
6.060,front_right,-167.97,1.180,8.96,24.24,0.413,2
6.060,back_left,-194.35,0.849,9.95,24.15,0.297,2
6.060,back_right,-189.87,0.890,9.83,24.16,0.312,2
6.080,front_left,-194.56,0.852,9.94,24.14,0.298,2
6.080,front_right,-171.30,1.156,9.03,24.24,0.405,2
6.080,back_left,-196.40,0.866,9.90,24.15,0.303,2
6.080,back_right,-193.84,0.886,9.84,24.16,0.310,2
6.100,front_left,-197.00,0.833,10.00,24.14,0.292,2
6.100,front_right,-170.56,1.211,8.87,24.24,0.424,2
6.100,back_left,-193.96,0.931,9.71,24.15,0.326,2
6.100,back_right,-192.84,0.953,9.64,24.16,0.334,2
6.120,front_left,-193.62,0.834,10.00,24.14,0.292,2
6.120,front_right,-171.97,1.197,8.91,24.24,0.419,2
6.120,back_left,-195.03,0.864,9.91,24.15,0.302,2
6.120,back_right,-191.11,0.929,9.71,24.16,0.325,2
6.140,front_left,-194.45,0.789,10.13,24.14,0.276,2
6.140,front_right,-170.73,1.180,8.96,24.24,0.413,2
6.140,back_left,-192.67,0.921,9.74,24.15,0.322,2
6.140,back_right,-192.38,0.923,9.73,24.16,0.323,2
6.160,front_left,-196.04,0.845,9.97,24.14,0.296,2
6.160,front_right,-171.77,1.175,8.98,24.24,0.411,2
6.160,back_left,-191.84,0.819,10.04,24.15,0.287,2
6.160,back_right,-192.53,0.915,9.75,24.16,0.320,2
6.180,front_left,-195.95,0.840,9.98,24.14,0.294,2
6.180,front_right,-171.71,1.175,8.98,24.24,0.411,2
6.180,back_left,-197.47,0.878,9.87,24.15,0.307,2
6.180,back_right,-193.11,0.931,9.71,24.16,0.326,2
6.200,front_left,-197.32,0.859,9.92,24.14,0.301,2
6.200,front_right,-171.53,1.207,8.88,24.24,0.422,2
6.200,back_left,-194.63,0.905,9.79,24.15,0.317,2
6.200,back_right,-192.50,0.893,9.82,24.16,0.312,2
6.220,front_left,-195.47,0.858,9.92,24.14,0.300,2
6.220,front_right,-171.31,1.210,8.87,24.24,0.423,2
6.220,back_left,-195.12,0.887,9.84,24.15,0.311,2
6.220,back_right,-191.54,0.945,9.66,24.16,0.331,2
6.240,front_left,-195.30,0.836,9.99,24.14,0.293,2
6.240,front_right,-174.11,1.155,9.04,24.24,0.404,2
6.240,back_left,-195.31,0.849,9.95,24.15,0.297,2
6.240,back_right,-192.60,0.912,9.77,24.16,0.319,2
6.260,front_left,-193.51,0.856,9.93,24.14,0.300,2
6.260,front_right,-175.82,1.212,8.86,24.24,0.424,2
6.260,back_left,-197.54,0.842,9.98,24.15,0.295,2
6.260,back_right,-193.88,0.887,9.84,24.16,0.311,2
6.280,front_left,-191.97,0.801,10.10,24.14,0.280,2
6.280,front_right,-172.43,1.171,8.99,24.24,0.410,2
6.280,back_left,-197.25,0.884,9.85,24.15,0.309,2
6.280,back_right,-194.24,0.891,9.83,24.16,0.312,2
6.300,front_left,-192.49,0.846,9.96,24.14,0.296,2
6.300,front_right,-175.96,1.155,9.04,24.24,0.404,2
6.300,back_left,-192.61,0.833,10.00,24.15,0.292,2
6.300,back_right,-192.86,0.923,9.73,24.16,0.323,2
6.320,front_left,-195.79,0.835,10.00,24.14,0.292,2
6.320,front_right,-176.18,1.139,9.08,24.24,0.399,2
6.320,back_left,-195.88,0.900,9.80,24.15,0.315,2
6.320,back_right,-192.70,0.900,9.80,24.16,0.315,2
6.340,front_left,-196.16,0.862,9.91,24.14,0.302,2
6.340,front_right,-173.61,1.168,9.00,24.24,0.409,2
6.340,back_left,-193.09,0.826,10.02,24.15,0.289,2
6.340,back_right,-189.99,0.923,9.73,24.16,0.323,2
6.360,front_left,-195.66,0.848,9.96,24.14,0.297,2
6.360,front_right,-176.61,1.167,9.00,24.24,0.409,2
6.360,back_left,-196.10,0.841,9.98,24.15,0.294,2
6.360,back_right,-193.91,0.945,9.67,24.16,0.331,2
6.380,front_left,-196.37,0.870,9.89,24.14,0.304,2
6.380,front_right,-174.41,1.213,8.86,24.25,0.425,2
6.380,back_left,-194.18,0.810,10.07,24.15,0.284,2
6.380,back_right,-193.55,0.924,9.73,24.16,0.323,2
6.400,front_left,-194.26,0.811,10.07,24.14,0.284,2
6.400,front_right,-177.44,1.208,8.88,24.25,0.423,2
6.400,back_left,-195.70,0.839,9.98,24.15,0.294,2
6.400,back_right,-192.72,0.893,9.82,24.16,0.313,2
6.420,front_left,-196.52,0.865,9.91,24.14,0.303,2
6.420,front_right,-176.14,1.177,8.97,24.25,0.412,2
6.420,back_left,-197.16,0.867,9.90,24.15,0.304,2
6.420,back_right,-192.69,0.912,9.76,24.16,0.319,2
6.440,front_left,-196.75,0.826,10.02,24.15,0.289,2
6.440,front_right,-176.69,1.172,8.98,24.25,0.410,2
6.440,back_left,-196.13,0.852,9.94,24.15,0.298,2
6.440,back_right,-194.67,0.919,9.74,24.16,0.322,2
6.460,front_left,-192.32,0.875,9.88,24.15,0.306,2
6.460,front_right,-179.35,1.178,8.97,24.25,0.412,2
6.460,back_left,-195.13,0.860,9.92,24.15,0.301,2
6.460,back_right,-190.93,0.905,9.78,24.16,0.317,2
6.480,front_left,-195.77,0.822,10.03,24.15,0.288,2
6.480,front_right,-175.33,1.204,8.89,24.25,0.421,2
6.480,back_left,-193.91,0.936,9.69,24.15,0.328,2
6.480,back_right,-192.67,0.924,9.73,24.16,0.323,2
6.500,front_left,-196.40,0.860,9.92,24.15,0.301,2
6.500,front_right,-177.08,1.155,9.03,24.25,0.404,2
6.500,back_left,-196.82,0.835,9.99,24.15,0.292,2
6.500,back_right,-194.51,0.905,9.79,24.17,0.317,2
6.520,front_left,-196.39,0.850,9.95,24.15,0.297,2
6.520,front_right,-175.71,1.203,8.89,24.25,0.421,2
6.520,back_left,-196.09,0.865,9.91,24.15,0.303,2
6.520,back_right,-191.93,0.862,9.91,24.17,0.302,2
6.540,front_left,-197.49,0.788,10.14,24.15,0.276,2
6.540,front_right,-176.40,1.199,8.90,24.25,0.420,2
6.540,back_left,-196.11,0.840,9.98,24.15,0.294,2
6.540,back_right,-194.43,0.880,9.86,24.17,0.308,2
6.560,front_left,-195.36,0.868,9.90,24.15,0.304,2
6.560,front_right,-180.87,1.186,8.94,24.25,0.415,2
6.560,back_left,-195.86,0.837,9.99,24.15,0.293,2
6.560,back_right,-194.74,0.955,9.64,24.17,0.334,2
6.580,front_left,-196.03,0.798,10.10,24.15,0.279,2
6.580,front_right,-176.90,1.200,8.90,24.25,0.420,2
6.580,back_left,-195.34,0.841,9.98,24.15,0.294,2
6.580,back_right,-192.95,0.911,9.77,24.17,0.319,2
6.600,front_left,-197.93,0.820,10.04,24.15,0.287,2
6.600,front_right,-178.55,1.232,8.80,24.25,0.431,2
6.600,back_left,-196.63,0.852,9.94,24.15,0.298,2
6.600,back_right,-193.04,0.890,9.83,24.17,0.311,2
6.620,front_left,-194.76,0.897,9.81,24.15,0.314,2
6.620,front_right,-177.25,1.151,9.05,24.25,0.403,2
6.620,back_left,-195.60,0.802,10.09,24.15,0.281,2
6.620,back_right,-191.72,0.905,9.79,24.17,0.317,2
6.640,front_left,-196.92,0.814,10.06,24.15,0.285,2
6.640,front_right,-177.76,1.200,8.90,24.25,0.420,2
6.640,back_left,-194.59,0.832,10.00,24.15,0.291,2
6.640,back_right,-191.98,0.892,9.82,24.17,0.312,2
6.660,front_left,-195.35,0.794,10.12,24.15,0.278,2
6.660,front_right,-179.45,1.196,8.91,24.25,0.419,2
6.660,back_left,-198.15,0.830,10.01,24.15,0.290,2
6.660,back_right,-195.34,0.943,9.67,24.17,0.330,2
6.680,front_left,-200.19,0.846,9.96,24.15,0.296,2
6.680,front_right,-181.16,1.169,8.99,24.25,0.409,2
6.680,back_left,-194.81,0.822,10.03,24.15,0.288,2
6.680,back_right,-192.96,0.907,9.78,24.17,0.318,2
6.700,front_left,-195.78,0.906,9.78,24.15,0.317,2
6.700,front_right,-179.86,1.203,8.89,24.25,0.421,2
6.700,back_left,-190.27,0.859,9.92,24.15,0.301,2
6.700,back_right,-192.61,0.939,9.68,24.17,0.329,2
6.720,front_left,-196.59,0.796,10.11,24.15,0.279,2
6.720,front_right,-178.97,1.124,9.13,24.25,0.394,2
6.720,back_left,-195.38,0.874,9.88,24.15,0.306,2
6.720,back_right,-193.00,0.896,9.81,24.17,0.313,2
6.740,front_left,-196.27,0.844,9.97,24.15,0.295,2
6.740,front_right,-180.74,1.210,8.87,24.25,0.424,2
6.740,back_left,-195.46,0.940,9.68,24.15,0.329,2
6.740,back_right,-193.82,0.952,9.64,24.17,0.333,2
6.760,front_left,-193.88,0.828,10.02,24.15,0.290,2
6.760,front_right,-178.57,1.184,8.95,24.25,0.414,2
6.760,back_left,-195.28,0.853,9.94,24.16,0.299,2
6.760,back_right,-193.69,0.891,9.83,24.17,0.312,2
6.780,front_left,-193.23,0.806,10.08,24.15,0.282,2
6.780,front_right,-179.43,1.229,8.81,24.25,0.430,2
6.780,back_left,-193.67,0.914,9.76,24.16,0.320,2
6.780,back_right,-193.89,0.917,9.75,24.17,0.321,2
6.800,front_left,-198.61,0.855,9.93,24.15,0.299,2
6.800,front_right,-181.35,1.184,8.95,24.25,0.415,2
6.800,back_left,-194.40,0.829,10.01,24.16,0.290,2
6.800,back_right,-191.46,0.895,9.82,24.17,0.313,2
6.820,front_left,-197.02,0.875,9.88,24.15,0.306,2
6.820,front_right,-180.52,1.155,9.04,24.26,0.404,2
6.820,back_left,-196.90,0.804,10.09,24.16,0.281,2
6.820,back_right,-192.31,0.913,9.76,24.17,0.320,2
6.840,front_left,-194.70,0.848,9.96,24.15,0.297,2
6.840,front_right,-179.98,1.229,8.81,24.26,0.430,2
6.840,back_left,-192.91,0.859,9.92,24.16,0.301,2
6.840,back_right,-194.57,0.915,9.76,24.17,0.320,2
6.860,front_left,-196.25,0.858,9.93,24.15,0.300,2
6.860,front_right,-179.02,1.205,8.89,24.26,0.422,2
6.860,back_left,-194.20,0.861,9.92,24.16,0.301,2
6.860,back_right,-193.31,0.911,9.77,24.17,0.319,2
6.880,front_left,-193.85,0.834,10.00,24.15,0.292,2
6.880,front_right,-178.89,1.176,8.97,24.26,0.411,2
6.880,back_left,-194.25,0.830,10.01,24.16,0.291,2
6.880,back_right,-195.71,0.884,9.85,24.17,0.309,2
6.900,front_left,-198.98,0.819,10.04,24.15,0.287,2
6.900,front_right,-180.99,1.212,8.86,24.26,0.424,2
6.900,back_left,-194.12,0.917,9.75,24.16,0.321,2
6.900,back_right,-194.53,0.899,9.80,24.17,0.315,2
6.920,front_left,-196.83,0.862,9.92,24.15,0.302,2
6.920,front_right,-178.21,1.197,8.91,24.26,0.419,2
6.920,back_left,-193.15,0.861,9.92,24.16,0.301,2
6.920,back_right,-192.51,0.909,9.77,24.17,0.318,2
6.940,front_left,-195.64,0.840,9.98,24.15,0.294,2
6.940,front_right,-181.65,1.155,9.04,24.26,0.404,2
6.940,back_left,-196.77,0.879,9.86,24.16,0.308,2
6.940,back_right,-192.60,0.922,9.73,24.17,0.323,2
6.960,front_left,-193.35,0.827,10.02,24.15,0.289,2
6.960,front_right,-181.05,1.140,9.08,24.26,0.399,2
6.960,back_left,-194.34,0.822,10.03,24.16,0.288,2
6.960,back_right,-193.39,0.892,9.82,24.17,0.312,2
6.980,front_left,-195.37,0.855,9.93,24.15,0.299,2
6.980,front_right,-182.24,1.173,8.98,24.26,0.410,2
6.980,back_left,-193.23,0.889,9.83,24.16,0.311,2
6.980,back_right,-193.29,0.903,9.79,24.17,0.316,2
7.000,front_left,-196.09,0.840,9.98,24.15,0.294,2
7.000,front_right,-183.24,1.159,9.02,24.26,0.406,2
7.000,back_left,-197.78,0.912,9.76,24.16,0.319,2
7.000,back_right,-192.41,0.947,9.66,24.17,0.331,2
7.020,front_left,-195.04,0.855,9.93,24.15,0.299,2
7.020,front_right,-185.13,1.223,8.83,24.26,0.428,2
7.020,back_left,-194.15,0.826,10.02,24.16,0.289,2
7.020,back_right,-194.58,0.857,9.93,24.17,0.300,2
7.040,front_left,-194.97,0.856,9.93,24.15,0.299,2
7.040,front_right,-179.70,1.163,9.01,24.26,0.407,2
7.040,back_left,-195.04,0.883,9.85,24.16,0.309,2
7.040,back_right,-196.05,0.923,9.73,24.17,0.323,2
7.060,front_left,-194.87,0.893,9.82,24.15,0.313,2
7.060,front_right,-181.80,1.168,9.00,24.26,0.409,2
7.060,back_left,-194.36,0.838,9.99,24.16,0.293,2
7.060,back_right,-194.76,0.930,9.71,24.17,0.325,2
7.080,front_left,-197.63,0.830,10.01,24.15,0.290,2
7.080,front_right,-179.65,1.202,8.89,24.26,0.421,2
7.080,back_left,-195.05,0.815,10.05,24.16,0.285,2
7.080,back_right,-194.89,0.922,9.73,24.17,0.323,2
7.100,front_left,-197.85,0.863,9.91,24.15,0.302,2
7.100,front_right,-181.41,1.224,8.83,24.26,0.428,2
7.100,back_left,-195.20,0.833,10.00,24.16,0.291,2
7.100,back_right,-194.62,0.907,9.78,24.17,0.318,2
7.120,front_left,-193.23,0.850,9.95,24.15,0.297,2
7.120,front_right,-181.24,1.228,8.81,24.26,0.430,2
7.120,back_left,-194.69,0.880,9.86,24.16,0.308,2
7.120,back_right,-192.67,0.938,9.69,24.17,0.328,2
7.140,front_left,-198.83,0.852,9.94,24.15,0.298,2
7.140,front_right,-183.78,1.216,8.85,24.26,0.426,2
7.140,back_left,-195.42,0.876,9.87,24.16,0.307,2
7.140,back_right,-192.73,0.921,9.74,24.17,0.322,2
7.160,front_left,-194.98,0.829,10.01,24.15,0.290,2
7.160,front_right,-184.20,1.191,8.93,24.26,0.417,2
7.160,back_left,-195.22,0.820,10.04,24.16,0.287,2
7.160,back_right,-195.53,0.937,9.69,24.18,0.328,2
7.180,front_left,-195.59,0.843,9.97,24.16,0.295,2
7.180,front_right,-181.36,1.182,8.95,24.26,0.414,2
7.180,back_left,-196.41,0.838,9.98,24.16,0.293,2
7.180,back_right,-195.59,0.878,9.87,24.18,0.307,2
7.200,front_left,-195.73,0.838,9.99,24.16,0.293,2
7.200,front_right,-181.20,1.191,8.93,24.26,0.417,2
7.200,back_left,-195.80,0.834,10.00,24.16,0.292,2
7.200,back_right,-193.51,0.874,9.88,24.18,0.306,2
7.220,front_left,-194.79,0.851,9.95,24.16,0.298,2
7.220,front_right,-181.62,1.183,8.95,24.26,0.414,2
7.220,back_left,-193.99,0.858,9.92,24.16,0.300,2
7.220,back_right,-192.19,0.897,9.81,24.18,0.314,2
7.240,front_left,-197.04,0.859,9.92,24.16,0.301,2
7.240,front_right,-182.75,1.157,9.03,24.26,0.405,2
7.240,back_left,-196.18,0.819,10.04,24.16,0.287,2
7.240,back_right,-194.62,0.916,9.75,24.18,0.320,2
7.260,front_left,-195.90,0.831,10.01,24.16,0.291,2
7.260,front_right,-181.52,1.149,9.05,24.27,0.402,2
7.260,back_left,-197.20,0.853,9.94,24.16,0.298,2
7.260,back_right,-193.19,0.918,9.75,24.18,0.321,2
7.280,front_left,-196.20,0.859,9.92,24.16,0.300,2
7.280,front_right,-183.47,1.201,8.90,24.27,0.421,2
7.280,back_left,-196.74,0.896,9.81,24.16,0.314,2
7.280,back_right,-193.47,0.926,9.72,24.18,0.324,2
7.300,front_left,-197.49,0.832,10.00,24.16,0.291,2
7.300,front_right,-182.35,1.197,8.91,24.27,0.419,2
7.300,back_left,-194.45,0.859,9.92,24.16,0.301,2
7.300,back_right,-193.96,0.904,9.79,24.18,0.316,2
7.320,front_left,-195.65,0.847,9.96,24.16,0.296,2
7.320,front_right,-180.62,1.163,9.01,24.27,0.407,2
7.320,back_left,-196.61,0.872,9.88,24.16,0.305,2
7.320,back_right,-195.54,0.940,9.68,24.18,0.329,2
7.340,front_left,-195.75,0.872,9.88,24.16,0.305,2
7.340,front_right,-183.82,1.161,9.02,24.27,0.406,2
7.340,back_left,-196.75,0.851,9.95,24.16,0.298,2
7.340,back_right,-193.20,0.888,9.83,24.18,0.311,2
7.360,front_left,-198.72,0.780,10.16,24.16,0.273,2
7.360,front_right,-181.09,1.208,8.88,24.27,0.423,2
7.360,back_left,-194.75,0.839,9.98,24.16,0.294,2
7.360,back_right,-195.46,0.874,9.88,24.18,0.306,2
7.380,front_left,-195.62,0.871,9.89,24.16,0.305,2
7.380,front_right,-183.46,1.165,9.00,24.27,0.408,2
7.380,back_left,-194.53,0.828,10.02,24.16,0.290,2
7.380,back_right,-194.92,0.928,9.72,24.18,0.325,2
7.400,front_left,-196.02,0.828,10.02,24.16,0.290,2
7.400,front_right,-183.41,1.195,8.92,24.27,0.418,2
7.400,back_left,-196.73,0.897,9.81,24.16,0.314,2
7.400,back_right,-194.48,0.910,9.77,24.18,0.318,2
7.420,front_left,-195.93,0.814,10.06,24.16,0.285,2
7.420,front_right,-183.79,1.164,9.01,24.27,0.407,2
7.420,back_left,-199.37,0.863,9.91,24.16,0.302,2
7.420,back_right,-193.14,0.891,9.83,24.18,0.312,2
7.440,front_left,-196.75,0.877,9.87,24.16,0.307,2
7.440,front_right,-182.05,1.194,8.92,24.27,0.418,2
7.440,back_left,-196.44,0.878,9.87,24.16,0.307,2
7.440,back_right,-194.70,0.894,9.82,24.18,0.313,2
7.460,front_left,-192.53,0.825,10.02,24.16,0.289,2
7.460,front_right,-180.82,1.212,8.86,24.27,0.424,2
7.460,back_left,-194.83,0.856,9.93,24.16,0.300,2
7.460,back_right,-192.42,0.850,9.95,24.18,0.298,2
7.480,front_left,-196.26,0.857,9.93,24.16,0.300,2
7.480,front_right,-180.16,1.181,8.96,24.27,0.413,2
7.480,back_left,-195.15,0.870,9.89,24.16,0.304,2
7.480,back_right,-193.94,0.917,9.75,24.18,0.321,2
7.500,front_left,-195.03,0.085,12.25,24.16,0.030,2
7.500,front_right,-178.64,0.136,12.09,24.27,0.048,2
7.500,back_left,-196.75,0.115,12.16,24.16,0.040,2
7.500,back_right,-193.78,0.094,12.22,24.18,0.033,2
7.520,front_left,-171.42,0.058,12.33,24.16,0.020,2
7.520,front_right,-157.42,0.180,11.96,24.27,0.063,2
7.520,back_left,-174.22,0.062,12.31,24.16,0.022,2
7.520,back_right,-168.22,0.068,12.30,24.18,0.024,2
7.540,front_left,-132.41,0.100,12.20,24.16,0.035,2
7.540,front_right,-122.27,0.158,12.03,24.27,0.055,2
7.540,back_left,-134.21,0.099,12.20,24.16,0.035,2
7.540,back_right,-129.32,0.099,12.20,24.18,0.035,2
7.560,front_left,-90.08,0.058,12.33,24.16,0.020,2
7.560,front_right,-80.15,0.169,11.99,24.27,0.059,2
7.560,back_left,-92.71,0.089,12.23,24.16,0.031,2
7.560,back_right,-85.20,0.075,12.27,24.18,0.026,2
7.580,front_left,-50.65,0.068,12.30,24.16,0.024,2
7.580,front_right,-48.06,0.158,12.03,24.27,0.055,2
7.580,back_left,-54.56,0.087,12.24,24.16,0.030,2
7.580,back_right,-49.90,0.136,12.09,24.18,0.048,2
7.600,front_left,-24.72,0.073,12.28,24.16,0.025,2
7.600,front_right,-26.36,0.170,11.99,24.27,0.059,2
7.600,back_left,-26.57,0.128,12.11,24.16,0.045,2
7.600,back_right,-26.73,0.141,12.08,24.18,0.049,2
7.620,front_left,-11.94,0.162,12.01,24.16,0.057,2
7.620,front_right,-10.88,0.134,12.10,24.27,0.047,2
7.620,back_left,-12.36,0.128,12.12,24.16,0.045,2
7.620,back_right,-10.66,0.118,12.15,24.18,0.041,2
7.640,front_left,-5.26,0.097,12.21,24.16,0.034,2
7.640,front_right,-5.18,0.143,12.07,24.27,0.050,2
7.640,back_left,-6.10,0.104,12.19,24.16,0.036,2
7.640,back_right,-5.33,0.115,12.15,24.18,0.040,2
7.660,front_left,-4.09,0.121,12.14,24.16,0.042,2
7.660,front_right,2.11,0.145,12.07,24.27,0.051,2
7.660,back_left,-2.02,0.107,12.18,24.16,0.037,2
7.660,back_right,-0.60,0.101,12.20,24.18,0.035,2
7.680,front_left,-2.73,0.096,12.21,24.16,0.033,2
7.680,front_right,-0.15,0.145,12.07,24.27,0.051,2
7.680,back_left,2.60,0.084,12.25,24.16,0.029,2
7.680,back_right,0.62,0.070,12.29,24.18,0.024,2
7.700,front_left,-2.22,0.083,12.25,24.16,0.029,2
7.700,front_right,-0.53,0.183,11.95,24.27,0.064,2
7.700,back_left,0.09,0.074,12.28,24.16,0.026,2
7.700,back_right,-0.89,0.136,12.09,24.18,0.048,2
7.720,front_left,2.08,0.116,12.15,24.16,0.041,2
7.720,front_right,1.59,0.176,11.97,24.27,0.061,2
7.720,back_left,1.72,0.106,12.18,24.16,0.037,2
7.720,back_right,1.97,0.097,12.21,24.18,0.034,2
7.740,front_left,2.80,0.141,12.08,24.16,0.049,2
7.740,front_right,-1.48,0.124,12.13,24.27,0.044,2
7.740,back_left,-0.81,0.106,12.18,24.16,0.037,2
7.740,back_right,-1.70,0.115,12.15,24.18,0.040,2
7.760,front_left,2.60,0.073,12.28,24.16,0.026,2
7.760,front_right,0.62,0.142,12.07,24.27,0.050,2
7.760,back_left,1.16,0.056,12.33,24.16,0.020,2
7.760,back_right,1.60,0.122,12.13,24.18,0.043,2
7.780,front_left,1.69,0.068,12.29,24.16,0.024,2
7.780,front_right,-0.02,0.188,11.94,24.27,0.066,2
7.780,back_left,-0.63,0.110,12.17,24.16,0.039,2
7.780,back_right,-0.81,0.098,12.21,24.18,0.034,2
7.800,front_left,1.83,0.102,12.19,24.16,0.036,2
7.800,front_right,-1.19,0.184,11.95,24.27,0.064,2
7.800,back_left,-0.83,0.125,12.13,24.16,0.044,2
7.800,back_right,1.92,0.041,12.38,24.18,0.014,2
7.820,front_left,1.87,0.101,12.20,24.16,0.035,2
7.820,front_right,-2.01,0.142,12.07,24.27,0.050,2
7.820,back_left,0.93,0.061,12.32,24.16,0.022,2
7.820,back_right,0.23,0.079,12.26,24.18,0.028,2
7.840,front_left,1.37,0.108,12.18,24.16,0.038,2
7.840,front_right,-0.04,0.153,12.04,24.27,0.054,2
7.840,back_left,-0.54,0.098,12.21,24.16,0.034,2
7.840,back_right,1.13,0.112,12.16,24.18,0.039,2
7.860,front_left,2.48,0.153,12.04,24.16,0.054,2
7.860,front_right,1.62,0.163,12.01,24.27,0.057,2
7.860,back_left,0.57,0.084,12.25,24.16,0.029,2
7.860,back_right,0.76,0.113,12.16,24.18,0.040,2
7.880,front_left,1.52,0.104,12.19,24.16,0.036,2
7.880,front_right,0.98,0.115,12.16,24.27,0.040,2
7.880,back_left,2.02,0.071,12.29,24.16,0.025,2
7.880,back_right,-0.32,0.132,12.10,24.18,0.046,2
7.900,front_left,-1.97,0.086,12.24,24.16,0.030,2
7.900,front_right,-0.10,0.174,11.98,24.27,0.061,2
7.900,back_left,1.92,0.122,12.13,24.16,0.043,2
7.900,back_right,2.38,0.113,12.16,24.18,0.040,2
7.920,front_left,-1.82,0.068,12.30,24.16,0.024,2
7.920,front_right,-0.15,0.130,12.11,24.27,0.046,2
7.920,back_left,1.33,0.128,12.12,24.16,0.045,2
7.920,back_right,-0.69,0.107,12.18,24.18,0.038,2
7.940,front_left,-0.23,0.118,12.15,24.16,0.041,2
7.940,front_right,-1.66,0.110,12.17,24.27,0.038,2
7.940,back_left,0.06,0.105,12.18,24.16,0.037,2
7.940,back_right,1.62,0.130,12.11,24.18,0.045,2
7.960,front_left,0.02,0.121,12.14,24.16,0.042,2
7.960,front_right,0.12,0.131,12.11,24.27,0.046,2
7.960,back_left,-1.31,0.091,12.23,24.16,0.032,2
7.960,back_right,1.50,0.146,12.06,24.18,0.051,2
7.980,front_left,0.75,0.098,12.21,24.16,0.034,2
7.980,front_right,-0.81,0.116,12.15,24.27,0.040,2
7.980,back_left,-1.09,0.110,12.17,24.16,0.039,2
7.980,back_right,-0.21,0.110,12.17,24.18,0.038,2
8.000,front_left,-1.97,0.080,12.26,24.16,0.028,2
8.000,front_right,2.48,0.129,12.11,24.27,0.045,2
8.000,back_left,-2.93,0.080,12.26,24.16,0.028,2
8.000,back_right,-2.17,0.107,12.18,24.18,0.037,2
8.020,front_left,2.64,0.151,12.05,24.16,0.053,2
8.020,front_right,-0.33,0.095,12.21,24.27,0.033,2
8.020,back_left,-0.16,0.055,12.33,24.16,0.019,2
8.020,back_right,-1.46,0.088,12.23,24.18,0.031,2
8.040,front_left,2.08,0.099,12.20,24.16,0.035,2
8.040,front_right,0.64,0.110,12.17,24.27,0.039,2
8.040,back_left,1.48,0.112,12.16,24.16,0.039,2
8.040,back_right,0.97,0.099,12.20,24.18,0.035,2
8.060,front_left,-1.39,0.083,12.25,24.16,0.029,2
8.060,front_right,2.07,0.157,12.03,24.27,0.055,2
8.060,back_left,0.99,0.098,12.21,24.16,0.034,2
8.060,back_right,2.35,0.093,12.22,24.18,0.032,2
8.080,front_left,-0.76,0.080,12.26,24.16,0.028,2
8.080,front_right,-0.41,0.136,12.09,24.27,0.048,2
8.080,back_left,-1.40,0.108,12.18,24.16,0.038,2
8.080,back_right,-1.11,0.112,12.16,24.18,0.039,2
8.100,front_left,-2.20,0.076,12.27,24.16,0.027,2
8.100,front_right,0.54,0.157,12.03,24.27,0.055,2
8.100,back_left,0.14,0.128,12.12,24.16,0.045,2
8.100,back_right,-0.19,0.079,12.26,24.18,0.028,2
8.120,front_left,1.28,0.075,12.27,24.16,0.026,2
8.120,front_right,0.76,0.142,12.08,24.27,0.050,2
8.120,back_left,0.14,0.118,12.15,24.16,0.041,2
8.120,back_right,1.39,0.081,12.26,24.18,0.029,2
8.140,front_left,-0.75,0.107,12.18,24.16,0.038,2
8.140,front_right,1.03,0.137,12.09,24.27,0.048,2
8.140,back_left,-2.16,0.079,12.26,24.16,0.028,2
8.140,back_right,1.10,0.114,12.16,24.18,0.040,2
8.160,front_left,1.04,0.093,12.22,24.16,0.033,2
8.160,front_right,-1.72,0.124,12.13,24.27,0.043,2
8.160,back_left,-0.89,0.097,12.21,24.16,0.034,2
8.160,back_right,-0.82,0.183,11.95,24.18,0.064,2
8.180,front_left,-2.05,0.075,12.27,24.16,0.026,2
8.180,front_right,-1.73,0.114,12.16,24.27,0.040,2
8.180,back_left,0.29,0.110,12.17,24.16,0.038,2
8.180,back_right,-1.07,0.131,12.11,24.18,0.046,2
8.200,front_left,1.08,0.099,12.20,24.16,0.035,2
8.200,front_right,-0.95,0.158,12.03,24.27,0.055,2
8.200,back_left,-0.62,0.107,12.18,24.16,0.038,2
8.200,back_right,-0.92,0.132,12.10,24.18,0.046,2
8.220,front_left,-0.54,0.145,12.06,24.16,0.051,2
8.220,front_right,0.87,0.133,12.10,24.27,0.046,2
8.220,back_left,-1.91,0.109,12.17,24.16,0.038,2
8.220,back_right,-0.28,0.095,12.21,24.18,0.033,2
8.240,front_left,1.33,0.064,12.31,24.16,0.022,2
8.240,front_right,1.59,0.152,12.05,24.27,0.053,2
8.240,back_left,-0.79,0.104,12.19,24.16,0.037,2
8.240,back_right,1.32,0.135,12.09,24.18,0.047,2
8.260,front_left,-0.68,0.108,12.18,24.16,0.038,2
8.260,front_right,2.34,0.166,12.00,24.27,0.058,2
8.260,back_left,-0.52,0.074,12.28,24.16,0.026,2
8.260,back_right,-0.01,0.106,12.18,24.18,0.037,2
8.280,front_left,-1.76,0.071,12.29,24.16,0.025,2
8.280,front_right,-0.73,0.144,12.07,24.27,0.050,2
8.280,back_left,-3.29,0.130,12.11,24.16,0.045,2
8.280,back_right,-2.84,0.144,12.07,24.18,0.050,2
8.300,front_left,1.16,0.056,12.33,24.16,0.020,2
8.300,front_right,-0.49,0.135,12.09,24.27,0.047,2
8.300,back_left,0.77,0.116,12.15,24.16,0.041,2
8.300,back_right,-1.54,0.116,12.15,24.18,0.041,2
8.320,front_left,-0.25,0.086,12.24,24.16,0.030,2
8.320,front_right,1.40,0.146,12.06,24.27,0.051,2
8.320,back_left,-1.41,0.076,12.27,24.16,0.027,2
8.320,back_right,-0.99,0.104,12.19,24.18,0.037,2
8.340,front_left,1.44,0.064,12.31,24.16,0.022,2
8.340,front_right,0.41,0.127,12.12,24.27,0.044,2
8.340,back_left,-1.81,0.101,12.20,24.16,0.035,2
8.340,back_right,0.36,0.086,12.24,24.18,0.030,2
8.360,front_left,1.18,0.107,12.18,24.16,0.038,2
8.360,front_right,1.18,0.164,12.01,24.27,0.057,2
8.360,back_left,2.85,0.085,12.24,24.16,0.030,2
8.360,back_right,-0.43,0.110,12.17,24.18,0.038,2
8.380,front_left,-2.53,0.162,12.02,24.16,0.057,2
8.380,front_right,2.99,0.182,11.95,24.27,0.064,2
8.380,back_left,1.36,0.124,12.13,24.16,0.043,2
8.380,back_right,0.61,0.088,12.24,24.18,0.031,2
8.400,front_left,0.13,0.097,12.21,24.16,0.034,2
8.400,front_right,-0.30,0.170,11.99,24.27,0.059,2
8.400,back_left,-3.76,0.100,12.20,24.16,0.035,2
8.400,back_right,-0.91,0.095,12.21,24.18,0.033,2
8.420,front_left,1.95,0.106,12.18,24.16,0.037,2
8.420,front_right,-1.17,0.182,11.95,24.27,0.064,2
8.420,back_left,-1.28,0.115,12.16,24.16,0.040,2
8.420,back_right,-0.31,0.105,12.18,24.18,0.037,2
8.440,front_left,-1.92,0.098,12.20,24.16,0.034,2
8.440,front_right,-1.84,0.113,12.16,24.27,0.039,2
8.440,back_left,0.39,0.089,12.23,24.16,0.031,2
8.440,back_right,-0.19,0.126,12.12,24.18,0.044,2
8.460,front_left,1.74,0.121,12.14,24.16,0.042,2
8.460,front_right,-0.12,0.138,12.09,24.27,0.048,2
8.460,back_left,-2.04,0.105,12.18,24.16,0.037,2
8.460,back_right,-0.64,0.114,12.16,24.18,0.040,2
8.480,front_left,0.80,0.107,12.18,24.16,0.037,2
8.480,front_right,-1.78,0.169,11.99,24.27,0.059,2
8.480,back_left,1.89,0.051,12.35,24.16,0.018,2
8.480,back_right,-2.00,0.079,12.26,24.18,0.028,2
0.000,front_left,-0.80,0.078,12.27,24.16,0.027,3
0.000,front_right,0.44,0.153,12.04,24.27,0.054,3
0.000,back_left,1.45,0.102,12.19,24.16,0.036,3
0.000,back_right,0.11,0.098,12.20,24.18,0.034,3
0.020,front_left,-4.06,0.038,12.39,24.16,0.013,3
0.020,front_right,1.67,0.136,12.09,24.27,0.048,3
0.020,back_left,3.76,0.160,12.02,24.16,0.056,3
0.020,back_right,-1.69,0.132,12.11,24.18,0.046,3
0.040,front_left,-2.39,0.070,12.29,24.16,0.025,3
0.040,front_right,2.18,0.091,12.23,24.27,0.032,3
0.040,back_left,3.19,0.111,12.17,24.16,0.039,3
0.040,back_right,-1.37,0.130,12.11,24.18,0.046,3
0.060,front_left,-1.43,0.100,12.20,24.16,0.035,3
0.060,front_right,-0.39,0.065,12.31,24.27,0.023,3
0.060,back_left,2.20,0.085,12.24,24.16,0.030,3
0.060,back_right,-3.24,0.137,12.09,24.18,0.048,3
0.080,front_left,-0.63,0.086,12.24,24.16,0.030,3
0.080,front_right,1.44,0.145,12.06,24.27,0.051,3
0.080,back_left,0.76,0.105,12.19,24.16,0.037,3
0.080,back_right,0.05,0.123,12.13,24.18,0.043,3
0.100,front_left,0.79,0.103,12.19,24.16,0.036,3
0.100,front_right,-0.65,0.171,11.99,24.27,0.060,3
0.100,back_left,0.67,0.118,12.15,24.16,0.041,3
0.100,back_right,0.22,0.150,12.05,24.18,0.053,3
0.120,front_left,-0.14,0.128,12.11,24.16,0.045,3
0.120,front_right,-0.09,0.153,12.04,24.27,0.054,3
0.120,back_left,1.97,0.128,12.12,24.16,0.045,3
0.120,back_right,0.45,0.053,12.34,24.18,0.018,3
0.140,front_left,0.39,0.119,12.14,24.16,0.042,3
0.140,front_right,1.18,0.176,11.97,24.27,0.062,3
0.140,back_left,0.04,0.103,12.19,24.16,0.036,3
0.140,back_right,0.26,0.117,12.15,24.18,0.041,3
0.160,front_left,1.16,0.057,12.33,24.16,0.020,3
0.160,front_right,0.97,0.183,11.95,24.27,0.064,3
0.160,back_left,-3.15,0.112,12.17,24.16,0.039,3
0.160,back_right,1.22,0.107,12.18,24.18,0.037,3
0.180,front_left,-0.20,0.076,12.27,24.16,0.027,3
0.180,front_right,2.52,0.178,11.97,24.27,0.062,3
0.180,back_left,-0.04,0.089,12.23,24.16,0.031,3
0.180,back_right,0.43,0.116,12.15,24.18,0.040,3
0.200,front_left,0.70,0.055,12.33,24.16,0.019,3
0.200,front_right,-0.44,0.141,12.08,24.27,0.049,3
0.200,back_left,-0.58,0.063,12.31,24.16,0.022,3
0.200,back_right,1.36,0.060,12.32,24.18,0.021,3
0.220,front_left,1.35,0.064,12.31,24.16,0.023,3
0.220,front_right,1.30,0.146,12.06,24.27,0.051,3
0.220,back_left,-0.51,0.123,12.13,24.16,0.043,3
0.220,back_right,-1.16,0.100,12.20,24.18,0.035,3
0.240,front_left,-0.36,0.093,12.22,24.16,0.033,3
0.240,front_right,-0.87,0.170,11.99,24.27,0.059,3
0.240,back_left,-0.57,0.077,12.27,24.16,0.027,3
0.240,back_right,0.18,0.108,12.18,24.18,0.038,3
0.260,front_left,-1.86,0.113,12.16,24.16,0.039,3
0.260,front_right,0.86,0.119,12.14,24.27,0.042,3
0.260,back_left,-0.75,0.066,12.30,24.16,0.023,3
0.260,back_right,0.89,0.089,12.23,24.18,0.031,3
0.280,front_left,-0.47,0.110,12.17,24.16,0.039,3
0.280,front_right,-0.09,0.158,12.02,24.27,0.055,3
0.280,back_left,0.22,0.099,12.20,24.16,0.035,3
0.280,back_right,0.57,0.061,12.32,24.18,0.021,3
0.300,front_left,1.68,0.115,12.16,24.16,0.040,3
0.300,front_right,-1.65,0.169,11.99,24.27,0.059,3
0.300,back_left,-1.38,0.090,12.23,24.16,0.032,3
0.300,back_right,-0.56,0.090,12.23,24.18,0.031,3
0.320,front_left,-1.49,0.109,12.17,24.16,0.038,3
0.320,front_right,0.79,0.145,12.07,24.27,0.051,3
0.320,back_left,-3.33,0.059,12.32,24.16,0.021,3
0.320,back_right,1.19,0.135,12.10,24.18,0.047,3
0.340,front_left,-0.81,0.092,12.22,24.16,0.032,3
0.340,front_right,-1.48,0.120,12.14,24.27,0.042,3
0.340,back_left,0.19,0.096,12.21,24.16,0.034,3
0.340,back_right,0.29,0.078,12.27,24.18,0.027,3
0.360,front_left,-0.62,0.054,12.34,24.16,0.019,3
0.360,front_right,-0.28,0.148,12.06,24.27,0.052,3
0.360,back_left,0.51,0.148,12.06,24.16,0.052,3
0.360,back_right,-1.05,0.056,12.33,24.18,0.020,3
0.380,front_left,0.14,0.075,12.27,24.16,0.026,3
0.380,front_right,-1.21,0.125,12.13,24.27,0.044,3
0.380,back_left,0.51,0.101,12.20,24.16,0.035,3
0.380,back_right,-0.20,0.113,12.16,24.18,0.039,3
0.400,front_left,-1.43,0.086,12.24,24.16,0.030,3
0.400,front_right,-2.13,0.137,12.09,24.27,0.048,3
0.400,back_left,-0.62,0.143,12.07,24.16,0.050,3
0.400,back_right,0.42,0.122,12.13,24.18,0.043,3
0.420,front_left,0.47,0.064,12.31,24.16,0.022,3
0.420,front_right,1.05,0.129,12.11,24.27,0.045,3
0.420,back_left,-0.49,0.095,12.21,24.16,0.033,3
0.420,back_right,0.63,0.103,12.19,24.18,0.036,3
0.440,front_left,0.21,0.096,12.21,24.16,0.034,3
0.440,front_right,1.21,0.140,12.08,24.27,0.049,3
0.440,back_left,-0.48,0.057,12.33,24.16,0.020,3
0.440,back_right,-0.78,0.165,12.01,24.18,0.058,3
0.460,front_left,1.34,0.097,12.21,24.16,0.034,3
0.460,front_right,0.43,0.105,12.19,24.27,0.037,3
0.460,back_left,-0.68,0.122,12.13,24.16,0.043,3
0.460,back_right,2.89,0.061,12.32,24.18,0.021,3
0.480,front_left,-1.03,0.123,12.13,24.16,0.043,3
0.480,front_right,-1.36,0.158,12.03,24.27,0.055,3
0.480,back_left,1.71,0.079,12.26,24.16,0.027,3
0.480,back_right,-2.44,0.082,12.25,24.18,0.029,3
0.500,front_left,1.15,0.830,10.01,24.16,0.290,3
0.500,front_right,-0.31,1.180,8.96,24.27,0.413,3
0.500,back_left,0.92,0.885,9.84,24.17,0.310,3
0.500,back_right,0.56,0.926,9.72,24.18,0.324,3
0.520,front_left,14.41,0.873,9.88,24.16,0.306,3
0.520,front_right,6.00,1.219,8.84,24.27,0.427,3
0.520,back_left,13.50,0.838,9.99,24.17,0.293,3
0.520,back_right,11.20,0.890,9.83,24.18,0.311,3
0.540,front_left,24.67,0.847,9.96,24.16,0.296,3
0.540,front_right,10.16,1.182,8.95,24.27,0.414,3
0.540,back_left,24.40,0.871,9.89,24.17,0.305,3
0.540,back_right,24.08,0.891,9.83,24.18,0.312,3
0.560,front_left,38.13,0.842,9.97,24.16,0.295,3
0.560,front_right,16.54,1.189,8.93,24.27,0.416,3
0.560,back_left,34.95,0.829,10.01,24.17,0.290,3
0.560,back_right,34.04,0.948,9.66,24.18,0.332,3
0.580,front_left,49.78,0.856,9.93,24.16,0.300,3
0.580,front_right,20.59,1.188,8.94,24.27,0.416,3
0.580,back_left,47.65,0.860,9.92,24.17,0.301,3
0.580,back_right,40.28,0.933,9.70,24.18,0.327,3
0.600,front_left,59.35,0.827,10.02,24.16,0.289,3
0.600,front_right,28.66,1.173,8.98,24.27,0.410,3
0.600,back_left,54.47,0.887,9.84,24.17,0.310,3
0.600,back_right,50.79,0.905,9.79,24.18,0.317,3
0.620,front_left,70.59,0.852,9.95,24.16,0.298,3
0.620,front_right,33.10,1.182,8.96,24.27,0.414,3
0.620,back_left,63.88,0.801,10.10,24.17,0.280,3
0.620,back_right,58.75,0.907,9.78,24.18,0.317,3
0.640,front_left,79.93,0.850,9.95,24.16,0.297,3
0.640,front_right,37.84,1.210,8.87,24.27,0.423,3
0.640,back_left,75.64,0.901,9.80,24.17,0.315,3
0.640,back_right,66.03,0.867,9.90,24.18,0.304,3
0.660,front_left,88.00,0.818,10.05,24.16,0.286,3
0.660,front_right,41.69,1.213,8.86,24.27,0.424,3
0.660,back_left,80.99,0.834,10.00,24.17,0.292,3
0.660,back_right,74.09,0.900,9.80,24.18,0.315,3
0.680,front_left,95.68,0.852,9.94,24.16,0.298,3
0.680,front_right,47.24,1.169,8.99,24.27,0.409,3
0.680,back_left,92.20,0.828,10.02,24.17,0.290,3
0.680,back_right,78.57,0.869,9.89,24.18,0.304,3
0.700,front_left,100.21,0.814,10.06,24.16,0.285,3
0.700,front_right,49.40,1.192,8.92,24.27,0.417,3
0.700,back_left,94.86,0.859,9.92,24.17,0.301,3
0.700,back_right,86.85,0.903,9.79,24.18,0.316,3
0.720,front_left,106.84,0.810,10.07,24.16,0.283,3
0.720,front_right,54.04,1.255,8.74,24.28,0.439,3
0.720,back_left,102.88,0.876,9.87,24.17,0.307,3
0.720,back_right,92.24,0.919,9.74,24.18,0.321,3
0.740,front_left,113.83,0.804,10.09,24.16,0.281,3
0.740,front_right,57.98,1.199,8.90,24.28,0.420,3
0.740,back_left,108.55,0.870,9.89,24.17,0.305,3
0.740,back_right,98.23,0.909,9.77,24.18,0.318,3
0.760,front_left,118.47,0.884,9.85,24.16,0.309,3
0.760,front_right,64.58,1.193,8.92,24.28,0.417,3
0.760,back_left,113.56,0.844,9.97,24.17,0.295,3
0.760,back_right,104.36,0.894,9.82,24.18,0.313,3
0.780,front_left,124.89,0.850,9.95,24.16,0.297,3
0.780,front_right,65.92,1.168,9.00,24.28,0.409,3
0.780,back_left,119.17,0.884,9.85,24.17,0.309,3
0.780,back_right,109.49,0.906,9.78,24.18,0.317,3
0.800,front_left,131.55,0.877,9.87,24.16,0.307,3
0.800,front_right,72.12,1.209,8.87,24.28,0.423,3
0.800,back_left,125.40,0.853,9.94,24.17,0.298,3
0.800,back_right,112.30,0.889,9.83,24.18,0.311,3
0.820,front_left,131.64,0.906,9.78,24.16,0.317,3
0.820,front_right,76.40,1.185,8.95,24.28,0.415,3
0.820,back_left,129.13,0.852,9.94,24.17,0.298,3
0.820,back_right,117.42,0.896,9.81,24.19,0.314,3
0.840,front_left,135.43,0.839,9.98,24.16,0.294,3
0.840,front_right,80.32,1.192,8.92,24.28,0.417,3
0.840,back_left,133.29,0.880,9.86,24.17,0.308,3
0.840,back_right,121.83,0.842,9.97,24.19,0.295,3
0.860,front_left,141.85,0.860,9.92,24.16,0.301,3
0.860,front_right,80.73,1.179,8.96,24.28,0.413,3
0.860,back_left,136.54,0.874,9.88,24.17,0.306,3
0.860,back_right,125.11,0.878,9.87,24.19,0.307,3
0.880,front_left,147.84,0.815,10.05,24.16,0.285,3
0.880,front_right,85.37,1.179,8.96,24.28,0.413,3
0.880,back_left,141.92,0.826,10.02,24.17,0.289,3
0.880,back_right,131.38,0.943,9.67,24.19,0.330,3
0.900,front_left,149.38,0.834,10.00,24.16,0.292,3
0.900,front_right,89.11,1.187,8.94,24.28,0.415,3
0.900,back_left,144.69,0.867,9.90,24.17,0.304,3
0.900,back_right,133.00,0.874,9.88,24.19,0.306,3
0.920,front_left,153.38,0.831,10.01,24.16,0.291,3
0.920,front_right,94.71,1.223,8.83,24.28,0.428,3
0.920,back_left,149.56,0.837,9.99,24.17,0.293,3
0.920,back_right,138.16,0.941,9.68,24.19,0.329,3
0.940,front_left,158.47,0.824,10.03,24.17,0.289,3
0.940,front_right,91.74,1.152,9.04,24.28,0.403,3
0.940,back_left,150.56,0.862,9.91,24.17,0.302,3
0.940,back_right,140.14,0.929,9.71,24.19,0.325,3
0.960,front_left,161.75,0.874,9.88,24.17,0.306,3
0.960,front_right,97.91,1.173,8.98,24.28,0.411,3
0.960,back_left,154.89,0.843,9.97,24.17,0.295,3
0.960,back_right,142.74,0.881,9.86,24.19,0.308,3
0.980,front_left,161.89,0.823,10.03,24.17,0.288,3
0.980,front_right,98.28,1.171,8.99,24.28,0.410,3
0.980,back_left,159.77,0.844,9.97,24.17,0.295,3
0.980,back_right,146.52,0.881,9.86,24.19,0.308,3
1.000,front_left,164.59,0.806,10.08,24.17,0.282,3
1.000,front_right,102.29,1.202,8.90,24.28,0.421,3
1.000,back_left,160.75,0.832,10.00,24.17,0.291,3
1.000,back_right,148.96,0.902,9.79,24.19,0.316,3
1.020,front_left,164.53,0.838,9.99,24.17,0.293,3
1.020,front_right,107.29,1.212,8.86,24.28,0.424,3
1.020,back_left,160.73,0.880,9.86,24.17,0.308,3
1.020,back_right,151.51,0.910,9.77,24.19,0.319,3
1.040,front_left,167.68,0.811,10.07,24.17,0.284,3
1.040,front_right,110.23,1.144,9.07,24.28,0.400,3
1.040,back_left,163.93,0.896,9.81,24.17,0.314,3
1.040,back_right,152.81,0.908,9.78,24.19,0.318,3
1.060,front_left,171.44,0.790,10.13,24.17,0.276,3
1.060,front_right,108.69,1.180,8.96,24.28,0.413,3
1.060,back_left,163.60,0.858,9.92,24.17,0.300,3
1.060,back_right,157.37,0.913,9.76,24.19,0.319,3
1.080,front_left,172.46,0.814,10.06,24.17,0.285,3
1.080,front_right,111.50,1.234,8.80,24.28,0.432,3
1.080,back_left,167.92,0.854,9.94,24.17,0.299,3
1.080,back_right,157.34,0.908,9.78,24.19,0.318,3
1.100,front_left,175.67,0.796,10.11,24.17,0.279,3
1.100,front_right,112.33,1.226,8.82,24.28,0.429,3
1.100,back_left,170.41,0.850,9.95,24.17,0.298,3
1.100,back_right,160.97,0.875,9.87,24.19,0.306,3
1.120,front_left,175.33,0.831,10.01,24.17,0.291,3
1.120,front_right,117.28,1.183,8.95,24.28,0.414,3
1.120,back_left,172.67,0.834,10.00,24.17,0.292,3
1.120,back_right,161.39,0.931,9.71,24.19,0.326,3
1.140,front_left,176.87,0.881,9.86,24.17,0.308,3
1.140,front_right,121.90,1.148,9.05,24.28,0.402,3
1.140,back_left,172.42,0.832,10.00,24.17,0.291,3
1.140,back_right,165.11,0.873,9.88,24.19,0.306,3
1.160,front_left,177.21,0.866,9.90,24.17,0.303,3
1.160,front_right,123.17,1.215,8.86,24.29,0.425,3
1.160,back_left,175.00,0.875,9.88,24.17,0.306,3
1.160,back_right,166.55,0.914,9.76,24.19,0.320,3
1.180,front_left,179.84,0.857,9.93,24.17,0.300,3
1.180,front_right,121.47,1.199,8.90,24.29,0.420,3
1.180,back_left,175.07,0.864,9.91,24.17,0.302,3
1.180,back_right,166.18,0.921,9.74,24.19,0.323,3
1.200,front_left,178.91,0.846,9.96,24.17,0.296,3
1.200,front_right,125.78,1.192,8.92,24.29,0.417,3
1.200,back_left,176.28,0.817,10.05,24.17,0.286,3
1.200,back_right,169.03,0.913,9.76,24.19,0.320,3
1.220,front_left,183.11,0.797,10.11,24.17,0.279,3
1.220,front_right,127.14,1.191,8.93,24.29,0.417,3
1.220,back_left,175.93,0.840,9.98,24.18,0.294,3
1.220,back_right,167.98,0.968,9.60,24.19,0.339,3
1.240,front_left,181.22,0.846,9.96,24.17,0.296,3
1.240,front_right,130.29,1.123,9.13,24.29,0.393,3
1.240,back_left,181.29,0.882,9.85,24.18,0.309,3
1.240,back_right,171.70,0.927,9.72,24.19,0.325,3
1.260,front_left,183.82,0.807,10.08,24.17,0.282,3
1.260,front_right,132.14,1.181,8.96,24.29,0.413,3
1.260,back_left,181.78,0.824,10.03,24.18,0.289,3
1.260,back_right,172.69,0.850,9.95,24.19,0.298,3
1.280,front_left,184.81,0.822,10.04,24.17,0.288,3
1.280,front_right,133.85,1.223,8.83,24.29,0.428,3
1.280,back_left,181.67,0.818,10.05,24.18,0.286,3
1.280,back_right,175.80,0.850,9.95,24.19,0.298,3
1.300,front_left,184.26,0.846,9.96,24.17,0.296,3
1.300,front_right,135.81,1.187,8.94,24.29,0.416,3
1.300,back_left,185.72,0.886,9.84,24.18,0.310,3
1.300,back_right,174.02,0.877,9.87,24.19,0.307,3
1.320,front_left,182.62,0.860,9.92,24.17,0.301,3
1.320,front_right,136.07,1.227,8.82,24.29,0.429,3
1.320,back_left,184.80,0.835,10.00,24.18,0.292,3
1.320,back_right,174.94,0.909,9.77,24.19,0.318,3
1.340,front_left,186.82,0.838,9.99,24.17,0.293,3
1.340,front_right,137.11,1.188,8.94,24.29,0.416,3
1.340,back_left,183.38,0.912,9.77,24.18,0.319,3
1.340,back_right,179.33,0.933,9.70,24.19,0.327,3
1.360,front_left,187.58,0.839,9.98,24.17,0.293,3
1.360,front_right,141.41,1.198,8.91,24.29,0.419,3
1.360,back_left,184.38,0.859,9.92,24.18,0.301,3
1.360,back_right,176.55,0.913,9.76,24.19,0.320,3
1.380,front_left,185.84,0.808,10.08,24.17,0.283,3
1.380,front_right,139.95,1.179,8.96,24.29,0.413,3
1.380,back_left,185.37,0.847,9.96,24.18,0.296,3
1.380,back_right,180.28,0.907,9.78,24.19,0.318,3
1.400,front_left,189.28,0.840,9.98,24.17,0.294,3
1.400,front_right,142.42,1.195,8.91,24.29,0.418,3
1.400,back_left,187.22,0.864,9.91,24.18,0.302,3
1.400,back_right,180.69,0.928,9.72,24.19,0.325,3
1.420,front_left,189.53,0.859,9.92,24.17,0.301,3
1.420,front_right,142.86,1.232,8.80,24.29,0.431,3
1.420,back_left,185.82,0.894,9.82,24.18,0.313,3
1.420,back_right,181.41,0.948,9.66,24.19,0.332,3
1.440,front_left,188.67,0.853,9.94,24.17,0.299,3
1.440,front_right,143.44,1.169,8.99,24.29,0.409,3
1.440,back_left,188.98,0.893,9.82,24.18,0.312,3
1.440,back_right,181.55,0.924,9.73,24.19,0.323,3
1.460,front_left,189.64,0.838,9.99,24.17,0.293,3
1.460,front_right,145.42,1.153,9.04,24.29,0.403,3
1.460,back_left,186.77,0.871,9.89,24.18,0.305,3
1.460,back_right,181.77,0.870,9.89,24.19,0.305,3
1.480,front_left,192.84,0.872,9.88,24.17,0.305,3
1.480,front_right,147.47,1.193,8.92,24.29,0.418,3
1.480,back_left,189.67,0.863,9.91,24.18,0.302,3
1.480,back_right,182.47,0.908,9.78,24.19,0.318,3
1.500,front_left,190.01,0.894,9.82,24.17,0.313,3
1.500,front_right,146.90,1.195,8.91,24.29,0.418,3
1.500,back_left,189.24,0.857,9.93,24.18,0.300,3
1.500,back_right,183.33,0.941,9.68,24.20,0.329,3
1.520,front_left,188.02,0.819,10.04,24.17,0.287,3
1.520,front_right,152.05,1.197,8.91,24.29,0.419,3
1.520,back_left,188.34,0.907,9.78,24.18,0.317,3
1.520,back_right,184.37,0.925,9.73,24.20,0.324,3
1.540,front_left,192.51,0.845,9.96,24.17,0.296,3
1.540,front_right,151.44,1.172,8.98,24.29,0.410,3
1.540,back_left,190.13,0.884,9.85,24.18,0.309,3
1.540,back_right,186.37,0.905,9.78,24.20,0.317,3
1.560,front_left,193.41,0.785,10.14,24.17,0.275,3
1.560,front_right,150.06,1.217,8.85,24.29,0.426,3
1.560,back_left,190.59,0.853,9.94,24.18,0.299,3
1.560,back_right,184.33,0.889,9.83,24.20,0.311,3
1.580,front_left,191.24,0.838,9.99,24.17,0.293,3
1.580,front_right,155.39,1.179,8.96,24.29,0.413,3
1.580,back_left,191.90,0.853,9.94,24.18,0.299,3
1.580,back_right,186.73,0.931,9.71,24.20,0.326,3
1.600,front_left,192.38,0.822,10.04,24.17,0.288,3
1.600,front_right,153.79,1.216,8.85,24.30,0.426,3
1.600,back_left,190.13,0.880,9.86,24.18,0.308,3
1.600,back_right,182.98,0.910,9.77,24.20,0.319,3
1.620,front_left,190.36,0.864,9.91,24.17,0.303,3
1.620,front_right,153.76,1.207,8.88,24.30,0.422,3
1.620,back_left,190.39,0.817,10.05,24.18,0.286,3
1.620,back_right,185.62,0.855,9.94,24.20,0.299,3
1.640,front_left,193.31,0.899,9.80,24.17,0.315,3
1.640,front_right,156.23,1.199,8.90,24.30,0.420,3
1.640,back_left,191.86,0.849,9.95,24.18,0.297,3
1.640,back_right,186.42,0.935,9.70,24.20,0.327,3
1.660,front_left,193.57,0.855,9.93,24.17,0.299,3
1.660,front_right,156.26,1.183,8.95,24.30,0.414,3
1.660,back_left,194.47,0.856,9.93,24.18,0.300,3
1.660,back_right,188.27,0.914,9.76,24.20,0.320,3
1.680,front_left,192.32,0.846,9.96,24.17,0.296,3
1.680,front_right,159.86,1.213,8.86,24.30,0.425,3
1.680,back_left,190.12,0.878,9.87,24.18,0.307,3
1.680,back_right,190.19,0.869,9.89,24.20,0.304,3
1.700,front_left,197.12,0.846,9.96,24.18,0.296,3
1.700,front_right,158.79,1.172,8.98,24.30,0.410,3
1.700,back_left,191.21,0.891,9.83,24.18,0.312,3
1.700,back_right,187.23,0.897,9.81,24.20,0.314,3
1.720,front_left,193.39,0.837,9.99,24.18,0.293,3
1.720,front_right,159.89,1.181,8.96,24.30,0.413,3
1.720,back_left,191.55,0.864,9.91,24.18,0.302,3
1.720,back_right,189.23,0.936,9.69,24.20,0.327,3
1.740,front_left,195.31,0.854,9.94,24.18,0.299,3
1.740,front_right,159.18,1.205,8.89,24.30,0.422,3
1.740,back_left,191.58,0.856,9.93,24.18,0.300,3
1.740,back_right,190.03,0.952,9.64,24.20,0.333,3
1.760,front_left,191.51,0.869,9.89,24.18,0.304,3
1.760,front_right,161.37,1.178,8.97,24.30,0.412,3
1.760,back_left,191.97,0.837,9.99,24.18,0.293,3
1.760,back_right,190.10,0.898,9.81,24.20,0.314,3
1.780,front_left,193.13,0.822,10.03,24.18,0.288,3
1.780,front_right,160.92,1.266,8.70,24.30,0.443,3
1.780,back_left,194.76,0.863,9.91,24.18,0.302,3
1.780,back_right,187.57,0.854,9.94,24.20,0.299,3
1.800,front_left,193.47,0.860,9.92,24.18,0.301,3
1.800,front_right,161.59,1.179,8.96,24.30,0.413,3
1.800,back_left,192.76,0.846,9.96,24.18,0.296,3
1.800,back_right,187.93,0.883,9.85,24.20,0.309,3
1.820,front_left,194.28,0.818,10.05,24.18,0.286,3
1.820,front_right,163.25,1.166,9.00,24.30,0.408,3
1.820,back_left,193.39,0.809,10.07,24.18,0.283,3
1.820,back_right,190.38,0.925,9.72,24.20,0.324,3
1.840,front_left,195.47,0.876,9.87,24.18,0.307,3
1.840,front_right,162.11,1.241,8.78,24.30,0.434,3
1.840,back_left,193.05,0.864,9.91,24.18,0.303,3
1.840,back_right,188.31,0.936,9.69,24.20,0.328,3
1.860,front_left,194.08,0.816,10.05,24.18,0.286,3
1.860,front_right,163.39,1.173,8.98,24.30,0.411,3
1.860,back_left,193.24,0.870,9.89,24.18,0.305,3
1.860,back_right,190.80,0.893,9.82,24.20,0.313,3
1.880,front_left,191.48,0.836,9.99,24.18,0.292,3
1.880,front_right,165.35,1.162,9.01,24.30,0.407,3
1.880,back_left,193.02,0.871,9.89,24.18,0.305,3
1.880,back_right,189.85,0.947,9.66,24.20,0.331,3
1.900,front_left,197.68,0.868,9.90,24.18,0.304,3
1.900,front_right,166.21,1.167,9.00,24.30,0.408,3
1.900,back_left,195.17,0.819,10.04,24.18,0.287,3
1.900,back_right,192.04,0.911,9.77,24.20,0.319,3
1.920,front_left,194.12,0.830,10.01,24.18,0.290,3
1.920,front_right,166.17,1.171,8.99,24.30,0.410,3
1.920,back_left,193.31,0.836,9.99,24.18,0.292,3
1.920,back_right,190.62,0.933,9.70,24.20,0.327,3
1.940,front_left,194.50,0.821,10.04,24.18,0.287,3
1.940,front_right,168.66,1.201,8.90,24.30,0.420,3
1.940,back_left,193.25,0.853,9.94,24.19,0.299,3
1.940,back_right,190.58,0.912,9.76,24.20,0.319,3
1.960,front_left,194.81,0.852,9.94,24.18,0.298,3
1.960,front_right,169.45,1.185,8.95,24.30,0.415,3
1.960,back_left,192.96,0.826,10.02,24.19,0.289,3
1.960,back_right,190.59,0.918,9.75,24.20,0.321,3
1.980,front_left,194.27,0.827,10.02,24.18,0.289,3
1.980,front_right,170.43,1.155,9.04,24.30,0.404,3
1.980,back_left,193.11,0.846,9.96,24.19,0.296,3
1.980,back_right,189.66,0.897,9.81,24.20,0.314,3
2.000,front_left,194.81,0.833,10.00,24.18,0.291,3
2.000,front_right,169.13,1.152,9.04,24.30,0.403,3
2.000,back_left,192.23,0.863,9.91,24.19,0.302,3
2.000,back_right,192.32,0.889,9.83,24.20,0.311,3
2.020,front_left,193.25,0.830,10.01,24.18,0.290,3
2.020,front_right,168.26,1.186,8.94,24.30,0.415,3
2.020,back_left,195.99,0.834,10.00,24.19,0.292,3
2.020,back_right,191.20,0.921,9.74,24.20,0.322,3
2.040,front_left,196.87,0.835,9.99,24.18,0.292,3
2.040,front_right,169.64,1.179,8.96,24.31,0.413,3
2.040,back_left,195.01,0.837,9.99,24.19,0.293,3
2.040,back_right,194.39,0.940,9.68,24.20,0.329,3
2.060,front_left,195.43,0.827,10.02,24.18,0.289,3
2.060,front_right,169.30,1.179,8.96,24.31,0.413,3
2.060,back_left,192.69,0.851,9.95,24.19,0.298,3
2.060,back_right,193.13,0.923,9.73,24.20,0.323,3
2.080,front_left,193.73,0.813,10.06,24.18,0.284,3
2.080,front_right,170.04,1.194,8.92,24.31,0.418,3
2.080,back_left,196.49,0.823,10.03,24.19,0.288,3
2.080,back_right,189.82,0.877,9.87,24.20,0.307,3
2.100,front_left,196.07,0.835,10.00,24.18,0.292,3
2.100,front_right,174.95,1.199,8.90,24.31,0.420,3
2.100,back_left,193.86,0.850,9.95,24.19,0.298,3
2.100,back_right,193.14,0.944,9.67,24.20,0.331,3
2.120,front_left,196.58,0.788,10.14,24.18,0.276,3
2.120,front_right,168.99,1.222,8.83,24.31,0.428,3
2.120,back_left,196.25,0.807,10.08,24.19,0.283,3
2.120,back_right,192.20,0.912,9.77,24.20,0.319,3
2.140,front_left,194.95,0.867,9.90,24.18,0.304,3
2.140,front_right,171.97,1.239,8.78,24.31,0.434,3
2.140,back_left,194.44,0.803,10.09,24.19,0.281,3
2.140,back_right,190.09,0.898,9.80,24.20,0.314,3
2.160,front_left,196.11,0.859,9.92,24.18,0.301,3
2.160,front_right,172.30,1.200,8.90,24.31,0.420,3
2.160,back_left,194.12,0.831,10.01,24.19,0.291,3
2.160,back_right,195.19,0.912,9.76,24.21,0.319,3
2.180,front_left,196.91,0.822,10.03,24.18,0.288,3
2.180,front_right,172.32,1.204,8.89,24.31,0.421,3
2.180,back_left,195.22,0.871,9.89,24.19,0.305,3
2.180,back_right,193.06,0.932,9.71,24.21,0.326,3
2.200,front_left,195.10,0.896,9.81,24.18,0.314,3
2.200,front_right,173.14,1.182,8.95,24.31,0.414,3
2.200,back_left,194.62,0.853,9.94,24.19,0.298,3
2.200,back_right,193.07,0.934,9.70,24.21,0.327,3
2.220,front_left,193.36,0.801,10.10,24.18,0.280,3
2.220,front_right,173.90,1.222,8.83,24.31,0.428,3
2.220,back_left,194.52,0.870,9.89,24.19,0.304,3
2.220,back_right,192.85,0.949,9.65,24.21,0.332,3
2.240,front_left,194.65,0.881,9.86,24.18,0.308,3
2.240,front_right,171.98,1.159,9.02,24.31,0.406,3
2.240,back_left,193.61,0.906,9.78,24.19,0.317,3
2.240,back_right,193.35,0.943,9.67,24.21,0.330,3
2.260,front_left,195.85,0.831,10.01,24.18,0.291,3
2.260,front_right,175.61,1.195,8.92,24.31,0.418,3
2.260,back_left,194.42,0.847,9.96,24.19,0.296,3
2.260,back_right,193.48,0.931,9.71,24.21,0.326,3
2.280,front_left,193.03,0.845,9.96,24.18,0.296,3
2.280,front_right,174.02,1.149,9.05,24.31,0.402,3
2.280,back_left,193.98,0.844,9.97,24.19,0.295,3
2.280,back_right,192.11,0.904,9.79,24.21,0.316,3
2.300,front_left,192.22,0.888,9.83,24.18,0.311,3
2.300,front_right,175.58,1.176,8.97,24.31,0.412,3
2.300,back_left,195.47,0.834,10.00,24.19,0.292,3
2.300,back_right,192.44,0.917,9.75,24.21,0.321,3
2.320,front_left,195.57,0.853,9.94,24.18,0.298,3
2.320,front_right,173.98,1.150,9.05,24.31,0.403,3
2.320,back_left,194.29,0.893,9.82,24.19,0.313,3
2.320,back_right,193.13,0.919,9.74,24.21,0.322,3
2.340,front_left,194.79,0.864,9.91,24.18,0.302,3
2.340,front_right,174.50,1.160,9.02,24.31,0.406,3
2.340,back_left,194.05,0.879,9.86,24.19,0.308,3
2.340,back_right,192.88,0.882,9.85,24.21,0.309,3
2.360,front_left,195.49,0.886,9.84,24.18,0.310,3
2.360,front_right,174.93,1.175,8.98,24.31,0.411,3
2.360,back_left,193.54,0.844,9.97,24.19,0.295,3
2.360,back_right,193.26,0.879,9.86,24.21,0.308,3
2.380,front_left,196.09,0.817,10.05,24.18,0.286,3
2.380,front_right,174.05,1.238,8.79,24.31,0.433,3
2.380,back_left,195.03,0.841,9.98,24.19,0.294,3
2.380,back_right,192.82,0.883,9.85,24.21,0.309,3
2.400,front_left,194.30,0.821,10.04,24.18,0.287,3
2.400,front_right,174.46,1.204,8.89,24.31,0.422,3
2.400,back_left,193.01,0.862,9.91,24.19,0.302,3
2.400,back_right,192.47,0.922,9.74,24.21,0.323,3
2.420,front_left,195.53,0.851,9.95,24.18,0.298,3
2.420,front_right,175.31,1.181,8.96,24.31,0.413,3
2.420,back_left,195.79,0.839,9.98,24.19,0.294,3
2.420,back_right,191.92,0.914,9.76,24.21,0.320,3
2.440,front_left,194.94,0.845,9.96,24.18,0.296,3
2.440,front_right,178.44,1.225,8.82,24.31,0.429,3
2.440,back_left,197.49,0.871,9.89,24.19,0.305,3
2.440,back_right,193.37,0.892,9.82,24.21,0.312,3
2.460,front_left,195.93,0.821,10.04,24.19,0.287,3
2.460,front_right,176.87,1.161,9.02,24.31,0.406,3
2.460,back_left,192.65,0.872,9.88,24.19,0.305,3
2.460,back_right,192.17,0.855,9.94,24.21,0.299,3
2.480,front_left,193.66,0.820,10.04,24.19,0.287,3
2.480,front_right,177.32,1.165,9.00,24.32,0.408,3
2.480,back_left,195.16,0.869,9.89,24.19,0.304,3
2.480,back_right,194.32,0.903,9.79,24.21,0.316,3
2.500,front_left,197.02,0.836,9.99,24.19,0.293,3
2.500,front_right,177.03,1.192,8.92,24.32,0.417,3
2.500,back_left,192.30,0.864,9.91,24.19,0.303,3
2.500,back_right,193.85,0.863,9.91,24.21,0.302,3
2.520,front_left,196.10,0.816,10.05,24.19,0.286,3
2.520,front_right,178.44,1.205,8.89,24.32,0.422,3
2.520,back_left,193.70,0.837,9.99,24.19,0.293,3
2.520,back_right,195.89,0.935,9.69,24.21,0.327,3
2.540,front_left,194.11,0.869,9.89,24.19,0.304,3
2.540,front_right,178.45,1.171,8.99,24.32,0.410,3
2.540,back_left,197.28,0.854,9.94,24.19,0.299,3
2.540,back_right,193.41,0.889,9.83,24.21,0.311,3
2.560,front_left,192.96,0.852,9.94,24.19,0.298,3
2.560,front_right,179.25,1.207,8.88,24.32,0.422,3
2.560,back_left,193.77,0.828,10.01,24.19,0.290,3
2.560,back_right,196.19,0.899,9.80,24.21,0.315,3
2.580,front_left,193.94,0.877,9.87,24.19,0.307,3
2.580,front_right,178.57,1.177,8.97,24.32,0.412,3
2.580,back_left,193.34,0.855,9.94,24.19,0.299,3
2.580,back_right,194.06,0.931,9.71,24.21,0.326,3
2.600,front_left,194.22,0.830,10.01,24.19,0.290,3
2.600,front_right,179.08,1.230,8.81,24.32,0.430,3
2.600,back_left,194.33,0.833,10.00,24.19,0.292,3
2.600,back_right,194.38,0.936,9.69,24.21,0.328,3
2.620,front_left,196.23,0.829,10.01,24.19,0.290,3
2.620,front_right,179.96,1.208,8.88,24.32,0.423,3
2.620,back_left,195.36,0.812,10.06,24.19,0.284,3
2.620,back_right,193.25,0.888,9.84,24.21,0.311,3
2.640,front_left,194.50,0.833,10.00,24.19,0.292,3
2.640,front_right,180.05,1.134,9.10,24.32,0.397,3
2.640,back_left,195.99,0.837,9.99,24.19,0.293,3
2.640,back_right,191.26,0.863,9.91,24.21,0.302,3
2.660,front_left,193.89,0.851,9.95,24.19,0.298,3
2.660,front_right,180.64,1.211,8.87,24.32,0.424,3
2.660,back_left,195.44,0.842,9.97,24.19,0.295,3
2.660,back_right,194.58,0.900,9.80,24.21,0.315,3
2.680,front_left,197.31,0.857,9.93,24.19,0.300,3
2.680,front_right,181.72,1.201,8.90,24.32,0.420,3
2.680,back_left,194.49,0.852,9.94,24.20,0.298,3
2.680,back_right,191.65,0.896,9.81,24.21,0.314,3
2.700,front_left,196.60,0.848,9.95,24.19,0.297,3
2.700,front_right,179.04,1.153,9.04,24.32,0.403,3
2.700,back_left,195.82,0.850,9.95,24.20,0.298,3
2.700,back_right,192.90,0.947,9.66,24.21,0.331,3
2.720,front_left,196.47,0.851,9.95,24.19,0.298,3
2.720,front_right,179.95,1.184,8.95,24.32,0.414,3
2.720,back_left,193.92,0.810,10.07,24.20,0.283,3
2.720,back_right,192.99,0.879,9.86,24.21,0.308,3
2.740,front_left,195.27,0.863,9.91,24.19,0.302,3
2.740,front_right,179.86,1.209,8.87,24.32,0.423,3
2.740,back_left,197.85,0.894,9.82,24.20,0.313,3
2.740,back_right,193.60,0.873,9.88,24.21,0.306,3
2.760,front_left,195.57,0.887,9.84,24.19,0.310,3
2.760,front_right,179.12,1.199,8.90,24.32,0.419,3
2.760,back_left,195.12,0.861,9.92,24.20,0.302,3
2.760,back_right,194.98,0.922,9.73,24.21,0.323,3
2.780,front_left,195.39,0.844,9.97,24.19,0.295,3
2.780,front_right,179.55,1.155,9.04,24.32,0.404,3
2.780,back_left,195.38,0.839,9.98,24.20,0.294,3
2.780,back_right,193.37,0.892,9.82,24.21,0.312,3
2.800,front_left,196.69,0.784,10.15,24.19,0.274,3
2.800,front_right,181.15,1.175,8.98,24.32,0.411,3
2.800,back_left,193.84,0.880,9.86,24.20,0.308,3
2.800,back_right,197.17,0.935,9.70,24.21,0.327,3
2.820,front_left,197.40,0.816,10.05,24.19,0.286,3
2.820,front_right,180.36,1.149,9.05,24.32,0.402,3
2.820,back_left,197.47,0.858,9.93,24.20,0.300,3
2.820,back_right,194.37,0.880,9.86,24.22,0.308,3
2.840,front_left,197.02,0.829,10.01,24.19,0.290,3
2.840,front_right,179.65,1.180,8.96,24.32,0.413,3
2.840,back_left,194.05,0.854,9.94,24.20,0.299,3
2.840,back_right,192.83,0.905,9.78,24.22,0.317,3
2.860,front_left,194.73,0.841,9.98,24.19,0.294,3
2.860,front_right,177.52,1.178,8.97,24.32,0.412,3
2.860,back_left,194.12,0.800,10.10,24.20,0.280,3
2.860,back_right,194.86,0.879,9.86,24.22,0.308,3
2.880,front_left,193.39,0.853,9.94,24.19,0.299,3
2.880,front_right,181.79,1.237,8.79,24.32,0.433,3
2.880,back_left,194.44,0.839,9.98,24.20,0.293,3
2.880,back_right,191.45,0.887,9.84,24.22,0.310,3
2.900,front_left,196.06,0.839,9.98,24.19,0.294,3
2.900,front_right,181.28,1.195,8.92,24.32,0.418,3
2.900,back_left,194.52,0.795,10.11,24.20,0.278,3
2.900,back_right,191.30,0.854,9.94,24.22,0.299,3
2.920,front_left,191.94,0.821,10.04,24.19,0.287,3
2.920,front_right,178.47,1.211,8.87,24.32,0.424,3
2.920,back_left,194.10,0.868,9.90,24.20,0.304,3
2.920,back_right,195.32,0.901,9.80,24.22,0.315,3
2.940,front_left,194.37,0.871,9.89,24.19,0.305,3
2.940,front_right,179.33,1.180,8.96,24.33,0.413,3
2.940,back_left,194.27,0.877,9.87,24.20,0.307,3
2.940,back_right,196.01,0.920,9.74,24.22,0.322,3
2.960,front_left,193.66,0.831,10.01,24.19,0.291,3
2.960,front_right,181.02,1.190,8.93,24.33,0.416,3
2.960,back_left,196.75,0.825,10.02,24.20,0.289,3
2.960,back_right,194.34,0.879,9.86,24.22,0.308,3
2.980,front_left,195.57,0.804,10.09,24.19,0.281,3
2.980,front_right,179.33,1.196,8.91,24.33,0.419,3
2.980,back_left,195.32,0.873,9.88,24.20,0.305,3
2.980,back_right,193.63,0.899,9.80,24.22,0.315,3
3.000,front_left,194.57,0.836,9.99,24.19,0.293,3
3.000,front_right,179.57,1.199,8.90,24.33,0.420,3
3.000,back_left,195.65,0.873,9.88,24.20,0.306,3
3.000,back_right,193.71,0.869,9.89,24.22,0.304,3
3.020,front_left,194.53,0.869,9.89,24.19,0.304,3
3.020,front_right,183.63,1.207,8.88,24.33,0.423,3
3.020,back_left,196.23,0.829,10.01,24.20,0.290,3
3.020,back_right,195.15,0.897,9.81,24.22,0.314,3
3.040,front_left,194.57,0.845,9.97,24.19,0.296,3
3.040,front_right,179.51,1.201,8.90,24.33,0.420,3
3.040,back_left,193.23,0.842,9.97,24.20,0.295,3
3.040,back_right,193.15,0.858,9.93,24.22,0.300,3
3.060,front_left,195.37,0.852,9.95,24.19,0.298,3
3.060,front_right,180.20,1.193,8.92,24.33,0.418,3
3.060,back_left,196.46,0.890,9.83,24.20,0.311,3
3.060,back_right,194.50,0.885,9.85,24.22,0.310,3
3.080,front_left,196.10,0.848,9.96,24.19,0.297,3
3.080,front_right,180.87,1.186,8.94,24.33,0.415,3
3.080,back_left,195.72,0.849,9.95,24.20,0.297,3
3.080,back_right,191.32,0.926,9.72,24.22,0.324,3
3.100,front_left,193.87,0.814,10.06,24.19,0.285,3
3.100,front_right,180.80,1.134,9.10,24.33,0.397,3
3.100,back_left,195.54,0.855,9.94,24.20,0.299,3
3.100,back_right,193.73,0.883,9.85,24.22,0.309,3
3.120,front_left,197.43,0.875,9.88,24.19,0.306,3
3.120,front_right,183.48,1.192,8.92,24.33,0.417,3
3.120,back_left,194.73,0.828,10.01,24.20,0.290,3
3.120,back_right,191.83,0.889,9.83,24.22,0.311,3
3.140,front_left,196.01,0.860,9.92,24.19,0.301,3
3.140,front_right,180.93,1.152,9.04,24.33,0.403,3
3.140,back_left,197.56,0.874,9.88,24.20,0.306,3
3.140,back_right,195.15,0.877,9.87,24.22,0.307,3
3.160,front_left,197.68,0.827,10.02,24.19,0.289,3
3.160,front_right,182.52,1.193,8.92,24.33,0.417,3
3.160,back_left,191.28,0.837,9.99,24.20,0.293,3
3.160,back_right,191.58,0.924,9.73,24.22,0.324,3
3.180,front_left,194.51,0.805,10.08,24.19,0.282,3
3.180,front_right,180.72,1.158,9.02,24.33,0.405,3
3.180,back_left,192.30,0.806,10.08,24.20,0.282,3
3.180,back_right,194.74,0.913,9.76,24.22,0.319,3
3.200,front_left,193.47,0.846,9.96,24.20,0.296,3
3.200,front_right,182.46,1.268,8.70,24.33,0.444,3
3.200,back_left,196.42,0.871,9.89,24.20,0.305,3
3.200,back_right,194.02,0.895,9.81,24.22,0.313,3
3.220,front_left,196.33,0.844,9.97,24.20,0.295,3
3.220,front_right,184.52,1.158,9.03,24.33,0.405,3
3.220,back_left,197.28,0.872,9.88,24.20,0.305,3
3.220,back_right,194.88,0.876,9.87,24.22,0.307,3
3.240,front_left,195.71,0.819,10.04,24.20,0.287,3
3.240,front_right,182.94,1.188,8.94,24.33,0.416,3
3.240,back_left,194.70,0.854,9.94,24.20,0.299,3
3.240,back_right,191.18,0.927,9.72,24.22,0.324,3
3.260,front_left,195.82,0.846,9.96,24.20,0.296,3
3.260,front_right,180.07,1.174,8.98,24.33,0.411,3
3.260,back_left,192.54,0.868,9.90,24.20,0.304,3
3.260,back_right,192.95,0.861,9.92,24.22,0.301,3
3.280,front_left,196.02,0.853,9.94,24.20,0.299,3
3.280,front_right,183.19,1.228,8.82,24.33,0.430,3
3.280,back_left,194.39,0.905,9.79,24.20,0.317,3
3.280,back_right,195.15,0.909,9.77,24.22,0.318,3
3.300,front_left,195.86,0.831,10.01,24.20,0.291,3
3.300,front_right,183.63,1.215,8.86,24.33,0.425,3
3.300,back_left,195.01,0.835,9.99,24.20,0.292,3
3.300,back_right,194.43,0.932,9.70,24.22,0.326,3
3.320,front_left,195.96,0.861,9.92,24.20,0.301,3
3.320,front_right,185.62,1.199,8.90,24.33,0.420,3
3.320,back_left,196.60,0.849,9.95,24.20,0.297,3
3.320,back_right,192.88,0.883,9.85,24.22,0.309,3
3.340,front_left,196.26,0.858,9.92,24.20,0.300,3
3.340,front_right,184.27,1.209,8.87,24.33,0.423,3
3.340,back_left,194.43,0.841,9.98,24.20,0.294,3
3.340,back_right,193.29,0.933,9.70,24.22,0.326,3
3.360,front_left,194.94,0.874,9.88,24.20,0.306,3
3.360,front_right,182.77,1.182,8.95,24.33,0.414,3
3.360,back_left,195.29,0.837,9.99,24.20,0.293,3
3.360,back_right,192.03,0.894,9.82,24.22,0.313,3
3.380,front_left,195.49,0.851,9.95,24.20,0.298,3
3.380,front_right,181.94,1.166,9.00,24.34,0.408,3
3.380,back_left,197.77,0.856,9.93,24.20,0.300,3
3.380,back_right,192.39,0.867,9.90,24.22,0.303,3
3.400,front_left,197.17,0.815,10.05,24.20,0.285,3
3.400,front_right,181.95,1.195,8.92,24.34,0.418,3
3.400,back_left,196.68,0.848,9.96,24.21,0.297,3
3.400,back_right,192.93,0.873,9.88,24.22,0.306,3
3.420,front_left,197.26,0.858,9.92,24.20,0.300,3
3.420,front_right,182.52,1.234,8.80,24.34,0.432,3
3.420,back_left,197.25,0.835,9.99,24.21,0.292,3
3.420,back_right,195.63,0.932,9.70,24.22,0.326,3
3.440,front_left,196.24,0.807,10.08,24.20,0.282,3
3.440,front_right,181.02,1.146,9.06,24.34,0.401,3
3.440,back_left,194.30,0.900,9.80,24.21,0.315,3
3.440,back_right,195.13,0.918,9.74,24.22,0.321,3
3.460,front_left,196.03,0.852,9.95,24.20,0.298,3
3.460,front_right,183.47,1.205,8.89,24.34,0.422,3
3.460,back_left,198.57,0.878,9.87,24.21,0.307,3
3.460,back_right,194.92,0.912,9.76,24.22,0.319,3
3.480,front_left,195.72,0.796,10.11,24.20,0.279,3
3.480,front_right,184.00,1.154,9.04,24.34,0.404,3
3.480,back_left,193.62,0.833,10.00,24.21,0.292,3
3.480,back_right,192.22,0.916,9.75,24.22,0.321,3
3.500,front_left,195.55,0.091,12.23,24.20,0.032,3
3.500,front_right,184.11,0.151,12.05,24.34,0.053,3
3.500,back_left,193.56,0.080,12.26,24.21,0.028,3
3.500,back_right,192.27,0.076,12.27,24.22,0.027,3
3.520,front_left,169.35,0.111,12.17,24.20,0.039,3
3.520,front_right,161.00,0.135,12.10,24.34,0.047,3
3.520,back_left,169.54,0.055,12.33,24.21,0.019,3
3.520,back_right,166.50,0.104,12.19,24.22,0.036,3
3.540,front_left,130.75,0.116,12.15,24.20,0.041,3
3.540,front_right,123.30,0.150,12.05,24.34,0.052,3
3.540,back_left,132.11,0.138,12.09,24.21,0.048,3
3.540,back_right,127.04,0.072,12.28,24.22,0.025,3
3.560,front_left,90.55,0.072,12.28,24.20,0.025,3
3.560,front_right,80.17,0.141,12.08,24.34,0.049,3
3.560,back_left,88.01,0.086,12.24,24.21,0.030,3
3.560,back_right,83.47,0.125,12.12,24.22,0.044,3
3.580,front_left,52.69,0.085,12.25,24.20,0.030,3
3.580,front_right,47.24,0.135,12.10,24.34,0.047,3
3.580,back_left,49.48,0.118,12.15,24.21,0.041,3
3.580,back_right,49.30,0.119,12.14,24.22,0.042,3
3.600,front_left,28.14,0.045,12.37,24.20,0.016,3
3.600,front_right,22.20,0.144,12.07,24.34,0.050,3
3.600,back_left,22.57,0.128,12.12,24.21,0.045,3
3.600,back_right,23.66,0.150,12.05,24.22,0.052,3
3.620,front_left,10.93,0.080,12.26,24.20,0.028,3
3.620,front_right,10.70,0.150,12.05,24.34,0.053,3
3.620,back_left,9.47,0.097,12.21,24.21,0.034,3
3.620,back_right,13.29,0.080,12.26,24.22,0.028,3
3.640,front_left,5.13,0.055,12.34,24.20,0.019,3
3.640,front_right,1.51,0.113,12.16,24.34,0.039,3
3.640,back_left,4.99,0.074,12.28,24.21,0.026,3
3.640,back_right,5.38,0.105,12.18,24.22,0.037,3
3.660,front_left,3.40,0.113,12.16,24.20,0.039,3
3.660,front_right,0.80,0.132,12.10,24.34,0.046,3
3.660,back_left,1.94,0.093,12.22,24.21,0.033,3
3.660,back_right,2.37,0.125,12.12,24.22,0.044,3
3.680,front_left,-0.44,0.086,12.24,24.20,0.030,3
3.680,front_right,0.62,0.168,12.00,24.34,0.059,3
3.680,back_left,-0.10,0.121,12.14,24.21,0.042,3
3.680,back_right,-2.00,0.168,12.00,24.22,0.059,3
3.700,front_left,2.28,0.100,12.20,24.20,0.035,3
3.700,front_right,-0.63,0.093,12.22,24.34,0.033,3
3.700,back_left,-0.57,0.056,12.33,24.21,0.020,3
3.700,back_right,0.97,0.125,12.13,24.22,0.044,3
3.720,front_left,-0.02,0.110,12.17,24.20,0.039,3
3.720,front_right,0.93,0.140,12.08,24.34,0.049,3
3.720,back_left,0.61,0.093,12.22,24.21,0.033,3
3.720,back_right,1.90,0.030,12.41,24.22,0.011,3
3.740,front_left,-0.72,0.136,12.09,24.20,0.048,3
3.740,front_right,0.08,0.098,12.21,24.34,0.034,3
3.740,back_left,-1.48,0.121,12.14,24.21,0.042,3
3.740,back_right,-1.04,0.090,12.23,24.22,0.031,3
3.760,front_left,-0.09,0.072,12.28,24.20,0.025,3
3.760,front_right,-1.77,0.146,12.06,24.34,0.051,3
3.760,back_left,-1.15,0.046,12.36,24.21,0.016,3
3.760,back_right,0.63,0.085,12.25,24.22,0.030,3
3.780,front_left,1.61,0.097,12.21,24.20,0.034,3
3.780,front_right,-1.01,0.154,12.04,24.34,0.054,3
3.780,back_left,-0.66,0.052,12.34,24.21,0.018,3
3.780,back_right,-0.80,0.087,12.24,24.22,0.030,3
3.800,front_left,0.80,0.085,12.24,24.20,0.030,3
3.800,front_right,-1.99,0.125,12.13,24.34,0.044,3
3.800,back_left,-1.54,0.108,12.18,24.21,0.038,3
3.800,back_right,-0.06,0.103,12.19,24.22,0.036,3
3.820,front_left,-2.14,0.079,12.26,24.20,0.028,3
3.820,front_right,-0.16,0.155,12.04,24.34,0.054,3
3.820,back_left,2.34,0.117,12.15,24.21,0.041,3
3.820,back_right,-2.06,0.109,12.17,24.22,0.038,3
3.840,front_left,-1.23,0.090,12.23,24.20,0.031,3
3.840,front_right,-0.62,0.088,12.24,24.34,0.031,3
3.840,back_left,0.05,0.151,12.05,24.21,0.053,3
3.840,back_right,-1.43,0.120,12.14,24.22,0.042,3
3.860,front_left,0.92,0.124,12.13,24.20,0.043,3
3.860,front_right,-0.31,0.133,12.10,24.34,0.047,3
3.860,back_left,-0.53,0.077,12.27,24.21,0.027,3
3.860,back_right,-1.36,0.086,12.24,24.22,0.030,3
3.880,front_left,0.33,0.085,12.25,24.20,0.030,3
3.880,front_right,1.83,0.165,12.00,24.34,0.058,3
3.880,back_left,-0.25,0.071,12.29,24.21,0.025,3
3.880,back_right,0.06,0.100,12.20,24.22,0.035,3
3.900,front_left,-0.57,0.025,12.42,24.20,0.009,3
3.900,front_right,-2.65,0.161,12.02,24.34,0.056,3
3.900,back_left,1.72,0.100,12.20,24.21,0.035,3
3.900,back_right,-1.27,0.079,12.26,24.22,0.028,3
3.920,front_left,0.54,0.059,12.32,24.20,0.021,3
3.920,front_right,-1.61,0.168,12.00,24.34,0.059,3
3.920,back_left,1.27,0.115,12.16,24.21,0.040,3
3.920,back_right,1.11,0.128,12.12,24.22,0.045,3
3.940,front_left,-2.10,0.126,12.12,24.20,0.044,3
3.940,front_right,2.88,0.135,12.10,24.34,0.047,3
3.940,back_left,-0.90,0.102,12.20,24.21,0.036,3
3.940,back_right,1.65,0.082,12.25,24.22,0.029,3
3.960,front_left,-0.43,0.087,12.24,24.20,0.030,3
3.960,front_right,0.77,0.176,11.97,24.34,0.062,3
3.960,back_left,-1.92,0.050,12.35,24.21,0.018,3
3.960,back_right,-0.39,0.130,12.11,24.22,0.046,3
3.980,front_left,-0.59,0.094,12.22,24.20,0.033,3
3.980,front_right,0.50,0.160,12.02,24.34,0.056,3
3.980,back_left,0.72,0.069,12.29,24.21,0.024,3
3.980,back_right,-0.36,0.107,12.18,24.22,0.037,3
4.000,front_left,-0.74,0.106,12.18,24.20,0.037,3
4.000,front_right,-2.30,0.168,11.99,24.34,0.059,3
4.000,back_left,-1.44,0.079,12.26,24.21,0.028,3
4.000,back_right,-1.60,0.129,12.11,24.22,0.045,3
4.020,front_left,0.00,0.069,12.29,24.20,0.024,3
4.020,front_right,-1.27,0.139,12.08,24.34,0.049,3
4.020,back_left,-0.11,0.093,12.22,24.21,0.033,3
4.020,back_right,-3.37,0.101,12.20,24.22,0.035,3
4.040,front_left,-0.99,0.092,12.22,24.20,0.032,3
4.040,front_right,0.39,0.169,11.99,24.34,0.059,3
4.040,back_left,0.03,0.113,12.16,24.21,0.040,3
4.040,back_right,0.95,0.141,12.08,24.22,0.049,3
4.060,front_left,0.10,0.114,12.16,24.20,0.040,3
4.060,front_right,2.55,0.126,12.12,24.34,0.044,3
4.060,back_left,-1.30,0.101,12.20,24.21,0.036,3
4.060,back_right,-1.15,0.116,12.15,24.22,0.041,3
4.080,front_left,0.72,0.049,12.35,24.20,0.017,3
4.080,front_right,-0.65,0.125,12.12,24.34,0.044,3
4.080,back_left,0.76,0.111,12.17,24.21,0.039,3
4.080,back_right,-1.44,0.149,12.05,24.22,0.052,3
4.100,front_left,-1.60,0.072,12.29,24.20,0.025,3
4.100,front_right,-1.66,0.152,12.04,24.34,0.053,3
4.100,back_left,0.67,0.146,12.06,24.21,0.051,3
4.100,back_right,0.86,0.064,12.31,24.22,0.023,3
4.120,front_left,-2.06,0.105,12.18,24.20,0.037,3
4.120,front_right,-0.33,0.155,12.04,24.34,0.054,3
4.120,back_left,-0.94,0.130,12.11,24.21,0.045,3
4.120,back_right,3.72,0.097,12.21,24.22,0.034,3
4.140,front_left,3.37,0.104,12.19,24.20,0.037,3
4.140,front_right,-0.25,0.158,12.03,24.34,0.055,3
4.140,back_left,-0.04,0.100,12.20,24.21,0.035,3
4.140,back_right,-0.78,0.090,12.23,24.22,0.031,3
4.160,front_left,0.90,0.104,12.19,24.20,0.036,3
4.160,front_right,-0.04,0.155,12.03,24.34,0.054,3
4.160,back_left,0.53,0.079,12.26,24.21,0.028,3
4.160,back_right,0.19,0.137,12.09,24.22,0.048,3
4.180,front_left,-2.71,0.067,12.30,24.20,0.024,3
4.180,front_right,0.58,0.132,12.11,24.34,0.046,3
4.180,back_left,-0.29,0.121,12.14,24.21,0.042,3
4.180,back_right,0.01,0.150,12.05,24.22,0.052,3
4.200,front_left,-1.19,0.103,12.19,24.20,0.036,3
4.200,front_right,-0.25,0.127,12.12,24.34,0.044,3
4.200,back_left,2.69,0.117,12.15,24.21,0.041,3
4.200,back_right,-0.32,0.158,12.03,24.22,0.055,3
4.220,front_left,0.02,0.164,12.01,24.20,0.057,3
4.220,front_right,0.31,0.139,12.08,24.34,0.049,3
4.220,back_left,-1.34,0.159,12.02,24.21,0.056,3
4.220,back_right,-0.24,0.135,12.09,24.22,0.047,3
4.240,front_left,-0.20,0.119,12.14,24.20,0.042,3
4.240,front_right,-0.24,0.104,12.19,24.34,0.036,3
4.240,back_left,-0.74,0.087,12.24,24.21,0.031,3
4.240,back_right,-1.43,0.085,12.25,24.22,0.030,3
4.260,front_left,-1.61,0.085,12.25,24.20,0.030,3
4.260,front_right,0.29,0.122,12.13,24.34,0.043,3
4.260,back_left,-1.48,0.073,12.28,24.21,0.026,3
4.260,back_right,0.51,0.127,12.12,24.22,0.045,3
4.280,front_left,-1.54,0.113,12.16,24.20,0.040,3
4.280,front_right,-1.58,0.116,12.15,24.34,0.041,3
4.280,back_left,-1.66,0.079,12.26,24.21,0.028,3
4.280,back_right,0.99,0.089,12.23,24.22,0.031,3
4.300,front_left,1.34,0.092,12.23,24.20,0.032,3
4.300,front_right,0.06,0.144,12.07,24.34,0.050,3
4.300,back_left,0.82,0.080,12.26,24.21,0.028,3
4.300,back_right,-0.12,0.116,12.15,24.22,0.041,3
4.320,front_left,3.57,0.076,12.27,24.20,0.027,3
4.320,front_right,-0.26,0.163,12.01,24.34,0.057,3
4.320,back_left,2.39,0.118,12.15,24.21,0.041,3
4.320,back_right,-0.12,0.078,12.26,24.22,0.027,3
4.340,front_left,-1.19,0.117,12.15,24.20,0.041,3
4.340,front_right,-0.97,0.177,11.97,24.34,0.062,3
4.340,back_left,1.20,0.090,12.23,24.21,0.032,3
4.340,back_right,-0.74,0.070,12.29,24.22,0.025,3
4.360,front_left,2.33,0.090,12.23,24.20,0.032,3
4.360,front_right,-2.51,0.167,12.00,24.34,0.059,3
4.360,back_left,-1.27,0.067,12.30,24.21,0.023,3
4.360,back_right,0.57,0.128,12.11,24.22,0.045,3
4.380,front_left,-0.22,0.091,12.23,24.20,0.032,3
4.380,front_right,0.25,0.131,12.11,24.34,0.046,3
4.380,back_left,-0.73,0.090,12.23,24.21,0.031,3
4.380,back_right,2.07,0.074,12.28,24.22,0.026,3
4.400,front_left,2.46,0.128,12.11,24.20,0.045,3
4.400,front_right,-0.79,0.148,12.06,24.34,0.052,3
4.400,back_left,2.83,0.078,12.27,24.21,0.027,3
4.400,back_right,-2.74,0.102,12.19,24.22,0.036,3
4.420,front_left,1.57,0.091,12.23,24.20,0.032,3
4.420,front_right,0.48,0.189,11.93,24.34,0.066,3
4.420,back_left,-1.57,0.060,12.32,24.21,0.021,3
4.420,back_right,1.15,0.065,12.30,24.22,0.023,3
4.440,front_left,2.26,0.111,12.17,24.20,0.039,3
4.440,front_right,-0.97,0.150,12.05,24.34,0.053,3
4.440,back_left,-0.05,0.108,12.18,24.21,0.038,3
4.440,back_right,-1.05,0.089,12.23,24.22,0.031,3
4.460,front_left,-0.73,0.103,12.19,24.20,0.036,3
4.460,front_right,1.90,0.157,12.03,24.34,0.055,3
4.460,back_left,-1.67,0.075,12.28,24.21,0.026,3
4.460,back_right,-0.24,0.117,12.15,24.22,0.041,3
4.480,front_left,-1.21,0.083,12.25,24.20,0.029,3
4.480,front_right,-0.61,0.233,11.80,24.34,0.081,3
4.480,back_left,0.90,0.103,12.19,24.21,0.036,3
4.480,back_right,1.52,0.129,12.11,24.22,0.045,3
4.500,front_left,0.57,0.838,9.99,24.20,0.293,3
4.500,front_right,-0.83,1.182,8.95,24.34,0.414,3
4.500,back_left,-0.34,0.857,9.93,24.21,0.300,3
4.500,back_right,-1.42,0.886,9.84,24.23,0.310,3
4.520,front_left,-12.89,0.828,10.02,24.20,0.290,3
4.520,front_right,-5.04,1.151,9.05,24.34,0.403,3
4.520,back_left,-14.13,0.849,9.95,24.21,0.297,3
4.520,back_right,-13.68,0.872,9.89,24.23,0.305,3
4.540,front_left,-26.21,0.836,9.99,24.20,0.293,3
4.540,front_right,-10.27,1.212,8.86,24.34,0.424,3
4.540,back_left,-22.63,0.859,9.92,24.21,0.301,3
4.540,back_right,-21.84,0.905,9.78,24.23,0.317,3
4.560,front_left,-34.85,0.818,10.05,24.20,0.286,3
4.560,front_right,-17.76,1.168,9.00,24.34,0.409,3
4.560,back_left,-33.62,0.830,10.01,24.21,0.291,3
4.560,back_right,-30.15,0.944,9.67,24.23,0.330,3
4.580,front_left,-50.20,0.867,9.90,24.20,0.304,3
4.580,front_right,-20.93,1.145,9.06,24.34,0.401,3
4.580,back_left,-47.16,0.832,10.00,24.21,0.291,3
4.580,back_right,-39.29,0.942,9.67,24.23,0.330,3
4.600,front_left,-59.00,0.818,10.05,24.20,0.286,3
4.600,front_right,-28.51,1.205,8.89,24.34,0.422,3
4.600,back_left,-56.27,0.887,9.84,24.21,0.310,3
4.600,back_right,-48.38,0.952,9.64,24.23,0.333,3
4.620,front_left,-64.72,0.838,9.99,24.20,0.293,3
4.620,front_right,-33.34,1.186,8.94,24.34,0.415,3
4.620,back_left,-65.14,0.824,10.03,24.21,0.288,3
4.620,back_right,-56.60,0.871,9.89,24.23,0.305,3
4.640,front_left,-76.52,0.832,10.00,24.20,0.291,3
4.640,front_right,-36.13,1.205,8.88,24.34,0.422,3
4.640,back_left,-73.08,0.853,9.94,24.21,0.299,3
4.640,back_right,-65.20,0.877,9.87,24.23,0.307,3
4.660,front_left,-86.22,0.874,9.88,24.20,0.306,3
4.660,front_right,-40.65,1.246,8.76,24.34,0.436,3
4.660,back_left,-78.85,0.815,10.06,24.21,0.285,3
4.660,back_right,-71.30,0.929,9.71,24.23,0.325,3
4.680,front_left,-92.92,0.811,10.07,24.20,0.284,3
4.680,front_right,-48.72,1.220,8.84,24.34,0.427,3
4.680,back_left,-88.64,0.849,9.95,24.21,0.297,3
4.680,back_right,-81.05,0.935,9.69,24.23,0.327,3
4.700,front_left,-102.55,0.816,10.05,24.20,0.286,3
4.700,front_right,-51.12,1.192,8.92,24.34,0.417,3
4.700,back_left,-96.33,0.856,9.93,24.21,0.300,3
4.700,back_right,-85.58,0.899,9.80,24.23,0.315,3
4.720,front_left,-107.87,0.843,9.97,24.20,0.295,3
4.720,front_right,-55.16,1.264,8.71,24.34,0.442,3
4.720,back_left,-103.03,0.862,9.91,24.21,0.302,3
4.720,back_right,-93.85,0.896,9.81,24.23,0.313,3
4.740,front_left,-114.11,0.818,10.05,24.20,0.286,3
4.740,front_right,-60.26,1.168,9.00,24.34,0.409,3
4.740,back_left,-108.77,0.819,10.04,24.21,0.287,3
4.740,back_right,-95.74,0.950,9.65,24.23,0.333,3
4.760,front_left,-120.47,0.864,9.91,24.20,0.302,3
4.760,front_right,-64.25,1.161,9.02,24.34,0.406,3
4.760,back_left,-112.99,0.901,9.80,24.21,0.315,3
4.760,back_right,-104.86,0.923,9.73,24.23,0.323,3
4.780,front_left,-122.82,0.825,10.03,24.20,0.289,3
4.780,front_right,-67.56,1.236,8.79,24.34,0.433,3
4.780,back_left,-118.87,0.867,9.90,24.21,0.303,3
4.780,back_right,-110.20,0.918,9.75,24.23,0.321,3
4.800,front_left,-128.98,0.816,10.05,24.20,0.286,3
4.800,front_right,-70.26,1.210,8.87,24.34,0.423,3
4.800,back_left,-124.36,0.841,9.98,24.21,0.294,3
4.800,back_right,-112.53,0.907,9.78,24.23,0.317,3
4.820,front_left,-134.25,0.829,10.01,24.20,0.290,3
4.820,front_right,-75.14,1.184,8.95,24.35,0.415,3
4.820,back_left,-128.09,0.821,10.04,24.21,0.288,3
4.820,back_right,-119.10,0.862,9.91,24.23,0.302,3
4.840,front_left,-140.79,0.875,9.87,24.20,0.306,3
4.840,front_right,-79.46,1.171,8.99,24.35,0.410,3
4.840,back_left,-134.25,0.874,9.88,24.21,0.306,3
4.840,back_right,-123.30,0.923,9.73,24.23,0.323,3
4.860,front_left,-144.00,0.821,10.04,24.20,0.288,3
4.860,front_right,-81.32,1.196,8.91,24.35,0.418,3
4.860,back_left,-136.94,0.856,9.93,24.21,0.299,3
4.860,back_right,-127.13,0.923,9.73,24.23,0.323,3
4.880,front_left,-144.69,0.814,10.06,24.20,0.285,3
4.880,front_right,-83.73,1.106,9.18,24.35,0.387,3
4.880,back_left,-142.36,0.919,9.74,24.21,0.322,3
4.880,back_right,-131.50,0.900,9.80,24.23,0.315,3
4.900,front_left,-152.10,0.828,10.02,24.20,0.290,3
4.900,front_right,-88.06,1.240,8.78,24.35,0.434,3
4.900,back_left,-143.85,0.823,10.03,24.21,0.288,3
4.900,back_right,-135.83,0.918,9.75,24.23,0.321,3
4.920,front_left,-150.46,0.857,9.93,24.20,0.300,3
4.920,front_right,-91.53,1.214,8.86,24.35,0.425,3
4.920,back_left,-147.46,0.874,9.88,24.21,0.306,3
4.920,back_right,-133.60,0.919,9.74,24.23,0.321,3
4.940,front_left,-156.73,0.785,10.14,24.20,0.275,3
4.940,front_right,-94.58,1.201,8.90,24.35,0.420,3
4.940,back_left,-148.65,0.802,10.09,24.21,0.281,3
4.940,back_right,-139.45,0.931,9.71,24.23,0.326,3
4.960,front_left,-160.52,0.818,10.05,24.21,0.286,3
4.960,front_right,-96.90,1.149,9.05,24.35,0.402,3
4.960,back_left,-153.82,0.852,9.95,24.21,0.298,3
4.960,back_right,-143.62,0.901,9.80,24.23,0.315,3
4.980,front_left,-162.05,0.866,9.90,24.21,0.303,3
4.980,front_right,-97.61,1.166,9.00,24.35,0.408,3
4.980,back_left,-156.60,0.853,9.94,24.21,0.299,3
4.980,back_right,-146.64,0.927,9.72,24.23,0.324,3
5.000,front_left,-163.12,0.856,9.93,24.21,0.300,3
5.000,front_right,-103.97,1.166,9.00,24.35,0.408,3
5.000,back_left,-161.53,0.846,9.96,24.21,0.296,3
5.000,back_right,-148.33,0.899,9.80,24.23,0.315,3
5.020,front_left,-168.00,0.835,9.99,24.21,0.292,3
5.020,front_right,-107.22,1.222,8.83,24.35,0.428,3
5.020,back_left,-159.69,0.805,10.09,24.21,0.282,3
5.020,back_right,-152.39,0.906,9.78,24.23,0.317,3
5.040,front_left,-165.88,0.816,10.05,24.21,0.286,3
5.040,front_right,-109.33,1.186,8.94,24.35,0.415,3
5.040,back_left,-162.38,0.823,10.03,24.21,0.288,3
5.040,back_right,-155.26,0.898,9.81,24.23,0.314,3
5.060,front_left,-170.97,0.838,9.99,24.21,0.293,3
5.060,front_right,-111.63,1.183,8.95,24.35,0.414,3
5.060,back_left,-165.63,0.889,9.83,24.21,0.311,3
5.060,back_right,-159.90,0.907,9.78,24.23,0.317,3
5.080,front_left,-170.60,0.846,9.96,24.21,0.296,3
5.080,front_right,-113.48,1.204,8.89,24.35,0.421,3
5.080,back_left,-165.79,0.835,9.99,24.21,0.292,3
5.080,back_right,-158.03,0.903,9.79,24.23,0.316,3
5.100,front_left,-173.31,0.797,10.11,24.21,0.279,3
5.100,front_right,-114.99,1.192,8.92,24.35,0.417,3
5.100,back_left,-169.87,0.812,10.06,24.21,0.284,3
5.100,back_right,-160.83,0.893,9.82,24.23,0.313,3
5.120,front_left,-177.60,0.830,10.01,24.21,0.290,3
5.120,front_right,-118.36,1.163,9.01,24.35,0.407,3
5.120,back_left,-172.58,0.878,9.87,24.22,0.307,3
5.120,back_right,-165.10,0.903,9.79,24.23,0.316,3
5.140,front_left,-176.87,0.883,9.85,24.21,0.309,3
5.140,front_right,-116.96,1.152,9.04,24.35,0.403,3
5.140,back_left,-176.94,0.898,9.81,24.22,0.314,3
5.140,back_right,-166.10,0.919,9.74,24.23,0.322,3
5.160,front_left,-178.32,0.846,9.96,24.21,0.296,3
5.160,front_right,-122.61,1.196,8.91,24.35,0.419,3
5.160,back_left,-175.75,0.878,9.87,24.22,0.307,3
5.160,back_right,-164.81,0.897,9.81,24.24,0.314,3
5.180,front_left,-181.35,0.820,10.04,24.21,0.287,3
5.180,front_right,-123.54,1.164,9.01,24.35,0.407,3
5.180,back_left,-176.43,0.845,9.96,24.22,0.296,3
5.180,back_right,-166.25,0.954,9.64,24.24,0.334,3
5.200,front_left,-181.37,0.857,9.93,24.21,0.300,3
5.200,front_right,-126.33,1.169,8.99,24.35,0.409,3
5.200,back_left,-177.18,0.877,9.87,24.22,0.307,3
5.200,back_right,-170.73,0.839,9.98,24.24,0.294,3
5.220,front_left,-181.31,0.854,9.94,24.21,0.299,3
5.220,front_right,-125.85,1.210,8.87,24.35,0.423,3
5.220,back_left,-176.27,0.845,9.96,24.22,0.296,3
5.220,back_right,-169.95,0.894,9.82,24.24,0.313,3
5.240,front_left,-185.10,0.853,9.94,24.21,0.298,3
5.240,front_right,-128.68,1.212,8.87,24.35,0.424,3
5.240,back_left,-179.61,0.879,9.86,24.22,0.307,3
5.240,back_right,-170.37,0.886,9.84,24.24,0.310,3
5.260,front_left,-182.89,0.859,9.92,24.21,0.301,3
5.260,front_right,-128.47,1.205,8.88,24.36,0.422,3
5.260,back_left,-181.16,0.852,9.94,24.22,0.298,3
5.260,back_right,-172.35,0.883,9.85,24.24,0.309,3
5.280,front_left,-184.01,0.841,9.98,24.21,0.294,3
5.280,front_right,-132.60,1.216,8.85,24.36,0.426,3
5.280,back_left,-181.77,0.819,10.04,24.22,0.287,3
5.280,back_right,-172.35,0.955,9.63,24.24,0.334,3
5.300,front_left,-186.33,0.828,10.02,24.21,0.290,3
5.300,front_right,-132.27,1.211,8.87,24.36,0.424,3
5.300,back_left,-183.60,0.856,9.93,24.22,0.300,3
5.300,back_right,-174.17,0.885,9.84,24.24,0.310,3
5.320,front_left,-184.54,0.881,9.86,24.21,0.308,3
5.320,front_right,-134.00,1.166,9.00,24.36,0.408,3
5.320,back_left,-183.08,0.848,9.96,24.22,0.297,3
5.320,back_right,-175.82,0.889,9.83,24.24,0.311,3
5.340,front_left,-186.80,0.837,9.99,24.21,0.293,3
5.340,front_right,-137.81,1.202,8.89,24.36,0.421,3
5.340,back_left,-183.23,0.835,10.00,24.22,0.292,3
5.340,back_right,-175.48,0.889,9.83,24.24,0.311,3
5.360,front_left,-187.43,0.847,9.96,24.21,0.296,3
5.360,front_right,-137.85,1.127,9.12,24.36,0.394,3
5.360,back_left,-183.09,0.861,9.92,24.22,0.301,3
5.360,back_right,-177.56,0.884,9.85,24.24,0.309,3
5.380,front_left,-187.75,0.874,9.88,24.21,0.306,3
5.380,front_right,-141.15,1.213,8.86,24.36,0.425,3
5.380,back_left,-184.39,0.850,9.95,24.22,0.297,3
5.380,back_right,-182.09,0.891,9.83,24.24,0.312,3
5.400,front_left,-185.13,0.829,10.01,24.21,0.290,3
5.400,front_right,-143.40,1.198,8.91,24.36,0.419,3
5.400,back_left,-187.33,0.849,9.95,24.22,0.297,3
5.400,back_right,-183.33,0.913,9.76,24.24,0.320,3
5.420,front_left,-188.93,0.846,9.96,24.21,0.296,3
5.420,front_right,-143.32,1.149,9.05,24.36,0.402,3
5.420,back_left,-186.62,0.895,9.82,24.22,0.313,3
5.420,back_right,-180.11,0.903,9.79,24.24,0.316,3
5.440,front_left,-189.58,0.836,9.99,24.21,0.293,3
5.440,front_right,-145.96,1.163,9.01,24.36,0.407,3
5.440,back_left,-187.74,0.881,9.86,24.22,0.308,3
5.440,back_right,-180.35,0.914,9.76,24.24,0.320,3
5.460,front_left,-188.97,0.825,10.02,24.21,0.289,3
5.460,front_right,-145.53,1.255,8.73,24.36,0.439,3
5.460,back_left,-187.94,0.903,9.79,24.22,0.316,3
5.460,back_right,-183.14,0.882,9.85,24.24,0.309,3
5.480,front_left,-192.52,0.846,9.96,24.21,0.296,3
5.480,front_right,-147.00,1.132,9.10,24.36,0.396,3
5.480,back_left,-186.88,0.880,9.86,24.22,0.308,3
5.480,back_right,-183.45,0.880,9.86,24.24,0.308,3
5.500,front_left,-190.95,0.894,9.82,24.21,0.313,3
5.500,front_right,-149.20,1.227,8.82,24.36,0.429,3
5.500,back_left,-189.39,0.839,9.98,24.22,0.294,3
5.500,back_right,-184.51,0.861,9.92,24.24,0.301,3
5.520,front_left,-192.31,0.784,10.15,24.21,0.274,3
5.520,front_right,-147.42,1.189,8.93,24.36,0.416,3
5.520,back_left,-190.45,0.855,9.93,24.22,0.299,3
5.520,back_right,-184.36,0.889,9.83,24.24,0.311,3
5.540,front_left,-190.74,0.819,10.04,24.21,0.287,3
5.540,front_right,-149.85,1.226,8.82,24.36,0.429,3
5.540,back_left,-186.20,0.874,9.88,24.22,0.306,3
5.540,back_right,-185.25,0.933,9.70,24.24,0.327,3
5.560,front_left,-190.27,0.890,9.83,24.21,0.311,3
5.560,front_right,-153.00,1.182,8.96,24.36,0.414,3
5.560,back_left,-189.71,0.811,10.07,24.22,0.284,3
5.560,back_right,-183.57,0.862,9.91,24.24,0.302,3
5.580,front_left,-194.23,0.848,9.96,24.21,0.297,3
5.580,front_right,-152.81,1.242,8.77,24.36,0.435,3
5.580,back_left,-190.15,0.863,9.91,24.22,0.302,3
5.580,back_right,-186.03,0.860,9.92,24.24,0.301,3
5.600,front_left,-193.59,0.818,10.05,24.21,0.286,3
5.600,front_right,-155.25,1.166,9.00,24.36,0.408,3
5.600,back_left,-192.91,0.817,10.05,24.22,0.286,3
5.600,back_right,-186.43,0.934,9.70,24.24,0.327,3
5.620,front_left,-190.11,0.810,10.07,24.21,0.283,3
5.620,front_right,-155.57,1.179,8.96,24.36,0.412,3
5.620,back_left,-189.27,0.859,9.92,24.22,0.301,3
5.620,back_right,-186.89,0.905,9.78,24.24,0.317,3
5.640,front_left,-191.20,0.833,10.00,24.21,0.291,3
5.640,front_right,-155.67,1.165,9.01,24.36,0.408,3
5.640,back_left,-191.63,0.853,9.94,24.22,0.299,3
5.640,back_right,-186.97,0.896,9.81,24.24,0.314,3
5.660,front_left,-192.14,0.821,10.04,24.21,0.287,3
5.660,front_right,-155.54,1.198,8.91,24.36,0.419,3
5.660,back_left,-193.20,0.834,10.00,24.22,0.292,3
5.660,back_right,-188.85,0.892,9.83,24.24,0.312,3
5.680,front_left,-193.18,0.829,10.01,24.21,0.290,3
5.680,front_right,-158.47,1.194,8.92,24.36,0.418,3
5.680,back_left,-190.17,0.832,10.00,24.22,0.291,3
5.680,back_right,-187.70,0.914,9.76,24.24,0.320,3
5.700,front_left,-192.18,0.865,9.90,24.21,0.303,3
5.700,front_right,-158.45,1.206,8.88,24.36,0.422,3
5.700,back_left,-192.77,0.843,9.97,24.22,0.295,3
5.700,back_right,-187.67,0.899,9.80,24.24,0.315,3
5.720,front_left,-193.97,0.849,9.95,24.22,0.297,3
5.720,front_right,-156.00,1.190,8.93,24.37,0.416,3
5.720,back_left,-192.77,0.829,10.01,24.22,0.290,3
5.720,back_right,-185.16,0.880,9.86,24.24,0.308,3
5.740,front_left,-191.34,0.851,9.95,24.22,0.298,3
5.740,front_right,-160.12,1.204,8.89,24.37,0.421,3
5.740,back_left,-192.18,0.886,9.84,24.22,0.310,3
5.740,back_right,-188.88,0.882,9.85,24.24,0.309,3
5.760,front_left,-193.84,0.817,10.05,24.22,0.286,3
5.760,front_right,-161.40,1.119,9.14,24.37,0.392,3
5.760,back_left,-195.12,0.849,9.95,24.22,0.297,3
5.760,back_right,-189.66,0.884,9.85,24.24,0.309,3
5.780,front_left,-192.53,0.816,10.05,24.22,0.286,3
5.780,front_right,-161.68,1.169,8.99,24.37,0.409,3
5.780,back_left,-194.51,0.886,9.84,24.22,0.310,3
5.780,back_right,-187.82,0.898,9.81,24.24,0.314,3
5.800,front_left,-192.63,0.793,10.12,24.22,0.278,3
5.800,front_right,-162.56,1.205,8.89,24.37,0.422,3
5.800,back_left,-193.17,0.841,9.98,24.22,0.295,3
5.800,back_right,-189.66,0.907,9.78,24.24,0.317,3
5.820,front_left,-193.56,0.815,10.06,24.22,0.285,3
5.820,front_right,-159.51,1.217,8.85,24.37,0.426,3
5.820,back_left,-192.19,0.825,10.03,24.22,0.289,3
5.820,back_right,-190.68,0.890,9.83,24.25,0.312,3
5.840,front_left,-194.93,0.881,9.86,24.22,0.308,3
5.840,front_right,-162.48,1.174,8.98,24.37,0.411,3
5.840,back_left,-193.72,0.889,9.83,24.22,0.311,3
5.840,back_right,-191.43,0.855,9.94,24.25,0.299,3
5.860,front_left,-193.00,0.855,9.94,24.22,0.299,3
5.860,front_right,-164.14,1.183,8.95,24.37,0.414,3
5.860,back_left,-192.21,0.884,9.85,24.23,0.309,3
5.860,back_right,-188.49,0.926,9.72,24.25,0.324,3
5.880,front_left,-197.45,0.854,9.94,24.22,0.299,3
5.880,front_right,-166.64,1.200,8.90,24.37,0.420,3
5.880,back_left,-193.42,0.927,9.72,24.23,0.324,3
5.880,back_right,-186.15,0.914,9.76,24.25,0.320,3
5.900,front_left,-193.57,0.865,9.91,24.22,0.303,3
5.900,front_right,-167.51,1.190,8.93,24.37,0.416,3
5.900,back_left,-194.85,0.866,9.90,24.23,0.303,3
5.900,back_right,-190.36,0.894,9.82,24.25,0.313,3
5.920,front_left,-195.68,0.835,9.99,24.22,0.292,3
5.920,front_right,-165.29,1.190,8.93,24.37,0.416,3
5.920,back_left,-198.04,0.828,10.02,24.23,0.290,3
5.920,back_right,-190.82,0.893,9.82,24.25,0.313,3
5.940,front_left,-193.74,0.812,10.06,24.22,0.284,3
5.940,front_right,-167.43,1.161,9.02,24.37,0.406,3
5.940,back_left,-195.26,0.814,10.06,24.23,0.285,3
5.940,back_right,-191.96,0.883,9.85,24.25,0.309,3
5.960,front_left,-196.72,0.845,9.97,24.22,0.296,3
5.960,front_right,-166.48,1.153,9.04,24.37,0.404,3
5.960,back_left,-195.60,0.826,10.02,24.23,0.289,3
5.960,back_right,-189.06,0.908,9.78,24.25,0.318,3
5.980,front_left,-197.20,0.823,10.03,24.22,0.288,3
5.980,front_right,-170.01,1.179,8.96,24.37,0.412,3
5.980,back_left,-194.79,0.862,9.91,24.23,0.302,3
5.980,back_right,-193.13,0.893,9.82,24.25,0.313,3
6.000,front_left,-195.89,0.838,9.99,24.22,0.293,3
6.000,front_right,-168.58,1.187,8.94,24.37,0.415,3
6.000,back_left,-192.22,0.897,9.81,24.23,0.314,3
6.000,back_right,-190.03,0.895,9.82,24.25,0.313,3
6.020,front_left,-192.69,0.816,10.05,24.22,0.285,3
6.020,front_right,-168.99,1.174,8.98,24.37,0.411,3
6.020,back_left,-193.47,0.803,10.09,24.23,0.281,3
6.020,back_right,-192.09,0.967,9.60,24.25,0.339,3
6.040,front_left,-195.21,0.860,9.92,24.22,0.301,3
6.040,front_right,-170.84,1.189,8.93,24.37,0.416,3
6.040,back_left,-193.52,0.852,9.94,24.23,0.298,3
6.040,back_right,-192.60,0.885,9.84,24.25,0.310,3
6.060,front_left,-196.90,0.822,10.03,24.22,0.288,3
6.060,front_right,-168.83,1.201,8.90,24.37,0.421,3
6.060,back_left,-192.95,0.824,10.03,24.23,0.288,3
6.060,back_right,-191.43,0.871,9.89,24.25,0.305,3
6.080,front_left,-194.42,0.811,10.07,24.22,0.284,3
6.080,front_right,-171.98,1.172,8.98,24.37,0.410,3
6.080,back_left,-194.28,0.840,9.98,24.23,0.294,3
6.080,back_right,-197.50,0.940,9.68,24.25,0.329,3
6.100,front_left,-193.53,0.797,10.11,24.22,0.279,3
6.100,front_right,-172.65,1.178,8.97,24.37,0.412,3
6.100,back_left,-195.48,0.842,9.97,24.23,0.295,3
6.100,back_right,-192.59,0.888,9.84,24.25,0.311,3
6.120,front_left,-196.44,0.828,10.02,24.22,0.290,3
6.120,front_right,-171.64,1.167,9.00,24.37,0.408,3
6.120,back_left,-192.57,0.825,10.02,24.23,0.289,3
6.120,back_right,-193.76,0.907,9.78,24.25,0.317,3
6.140,front_left,-192.13,0.861,9.92,24.22,0.301,3
6.140,front_right,-170.10,1.194,8.92,24.37,0.418,3
6.140,back_left,-193.42,0.877,9.87,24.23,0.307,3
6.140,back_right,-192.85,0.934,9.70,24.25,0.327,3
6.160,front_left,-194.28,0.757,10.23,24.22,0.265,3
6.160,front_right,-172.20,1.232,8.81,24.38,0.431,3
6.160,back_left,-196.29,0.882,9.85,24.23,0.309,3
6.160,back_right,-190.17,0.916,9.75,24.25,0.321,3
6.180,front_left,-196.89,0.838,9.99,24.22,0.293,3
6.180,front_right,-171.22,1.167,9.00,24.38,0.408,3
6.180,back_left,-194.25,0.828,10.01,24.23,0.290,3
6.180,back_right,-191.86,0.872,9.88,24.25,0.305,3
6.200,front_left,-194.36,0.858,9.93,24.22,0.300,3
6.200,front_right,-172.39,1.172,8.99,24.38,0.410,3
6.200,back_left,-193.84,0.819,10.04,24.23,0.287,3
6.200,back_right,-192.78,0.919,9.74,24.25,0.322,3
6.220,front_left,-197.37,0.841,9.98,24.22,0.294,3
6.220,front_right,-172.73,1.189,8.93,24.38,0.416,3
6.220,back_left,-196.23,0.862,9.91,24.23,0.302,3
6.220,back_right,-192.89,0.890,9.83,24.25,0.312,3
6.240,front_left,-196.24,0.845,9.97,24.22,0.296,3
6.240,front_right,-174.46,1.193,8.92,24.38,0.418,3
6.240,back_left,-194.41,0.838,9.99,24.23,0.293,3
6.240,back_right,-192.41,0.922,9.74,24.25,0.323,3
6.260,front_left,-195.20,0.868,9.90,24.22,0.304,3
6.260,front_right,-176.37,1.193,8.92,24.38,0.417,3
6.260,back_left,-194.61,0.852,9.94,24.23,0.298,3
6.260,back_right,-192.25,0.905,9.79,24.25,0.317,3
6.280,front_left,-196.80,0.805,10.08,24.22,0.282,3
6.280,front_right,-174.58,1.189,8.93,24.38,0.416,3
6.280,back_left,-195.94,0.878,9.87,24.23,0.307,3
6.280,back_right,-190.55,0.856,9.93,24.25,0.300,3
6.300,front_left,-196.81,0.803,10.09,24.22,0.281,3
6.300,front_right,-175.28,1.223,8.83,24.38,0.428,3
6.300,back_left,-194.81,0.869,9.89,24.23,0.304,3
6.300,back_right,-193.63,0.887,9.84,24.25,0.310,3
6.320,front_left,-194.75,0.845,9.96,24.22,0.296,3
6.320,front_right,-173.24,1.177,8.97,24.38,0.412,3
6.320,back_left,-194.65,0.866,9.90,24.23,0.303,3
6.320,back_right,-192.27,0.892,9.82,24.25,0.312,3
6.340,front_left,-195.71,0.866,9.90,24.22,0.303,3
6.340,front_right,-174.42,1.183,8.95,24.38,0.414,3
6.340,back_left,-195.36,0.861,9.92,24.23,0.301,3
6.340,back_right,-191.67,0.938,9.69,24.25,0.328,3
6.360,front_left,-193.14,0.820,10.04,24.22,0.287,3
6.360,front_right,-175.98,1.193,8.92,24.38,0.417,3
6.360,back_left,-191.82,0.882,9.85,24.23,0.309,3
6.360,back_right,-193.03,0.879,9.86,24.25,0.308,3
6.380,front_left,-193.23,0.869,9.89,24.22,0.304,3
6.380,front_right,-174.60,1.195,8.92,24.38,0.418,3
6.380,back_left,-193.46,0.874,9.88,24.23,0.306,3
6.380,back_right,-193.03,0.936,9.69,24.25,0.328,3
6.400,front_left,-197.77,0.805,10.09,24.22,0.282,3
6.400,front_right,-175.33,1.193,8.92,24.38,0.418,3
6.400,back_left,-194.48,0.862,9.91,24.23,0.302,3
6.400,back_right,-193.38,0.885,9.84,24.25,0.310,3
6.420,front_left,-195.40,0.812,10.06,24.22,0.284,3
6.420,front_right,-175.31,1.186,8.94,24.38,0.415,3
6.420,back_left,-195.40,0.922,9.73,24.23,0.323,3
6.420,back_right,-193.96,0.900,9.80,24.25,0.315,3
6.440,front_left,-196.10,0.793,10.12,24.22,0.277,3
6.440,front_right,-177.53,1.190,8.93,24.38,0.417,3
6.440,back_left,-195.37,0.839,9.98,24.23,0.294,3
6.440,back_right,-189.52,0.926,9.72,24.25,0.324,3
6.460,front_left,-195.57,0.823,10.03,24.22,0.288,3
6.460,front_right,-175.94,1.218,8.85,24.38,0.426,3
6.460,back_left,-194.67,0.873,9.88,24.23,0.305,3
6.460,back_right,-192.86,0.891,9.83,24.25,0.312,3
6.480,front_left,-195.61,0.865,9.90,24.23,0.303,3
6.480,front_right,-176.45,1.207,8.88,24.38,0.422,3
6.480,back_left,-195.42,0.886,9.84,24.23,0.310,3
6.480,back_right,-195.44,0.863,9.91,24.25,0.302,3
6.500,front_left,-196.38,0.883,9.85,24.23,0.309,3
6.500,front_right,-177.13,1.173,8.98,24.38,0.411,3
6.500,back_left,-195.68,0.884,9.85,24.23,0.309,3
6.500,back_right,-193.11,0.901,9.80,24.26,0.315,3
6.520,front_left,-196.46,0.873,9.88,24.23,0.305,3
6.520,front_right,-176.00,1.233,8.80,24.38,0.432,3
6.520,back_left,-194.47,0.872,9.89,24.23,0.305,3
6.520,back_right,-191.93,0.913,9.76,24.26,0.319,3
6.540,front_left,-196.59,0.764,10.21,24.23,0.267,3
6.540,front_right,-180.40,1.213,8.86,24.38,0.425,3
6.540,back_left,-194.73,0.891,9.83,24.23,0.312,3
6.540,back_right,-194.52,0.893,9.82,24.26,0.313,3
6.560,front_left,-195.13,0.810,10.07,24.23,0.284,3
6.560,front_right,-178.82,1.161,9.02,24.38,0.406,3
6.560,back_left,-194.51,0.800,10.10,24.23,0.280,3
6.560,back_right,-193.30,0.900,9.80,24.26,0.315,3
6.580,front_left,-197.26,0.807,10.08,24.23,0.282,3
6.580,front_right,-176.69,1.216,8.85,24.38,0.426,3
6.580,back_left,-196.52,0.887,9.84,24.24,0.310,3
6.580,back_right,-191.63,0.906,9.78,24.26,0.317,3
6.600,front_left,-196.10,0.857,9.93,24.23,0.300,3
6.600,front_right,-177.15,1.203,8.89,24.39,0.421,3
6.600,back_left,-192.63,0.877,9.87,24.24,0.307,3
6.600,back_right,-193.86,0.872,9.88,24.26,0.305,3
6.620,front_left,-197.52,0.870,9.89,24.23,0.305,3
6.620,front_right,-179.10,1.209,8.87,24.39,0.423,3
6.620,back_left,-197.00,0.850,9.95,24.24,0.298,3
6.620,back_right,-193.87,0.921,9.74,24.26,0.322,3
6.640,front_left,-196.79,0.868,9.89,24.23,0.304,3
6.640,front_right,-182.52,1.187,8.94,24.39,0.416,3
6.640,back_left,-195.09,0.850,9.95,24.24,0.298,3
6.640,back_right,-192.85,0.956,9.63,24.26,0.334,3
6.660,front_left,-194.64,0.846,9.96,24.23,0.296,3
6.660,front_right,-181.80,1.192,8.92,24.39,0.417,3
6.660,back_left,-193.58,0.851,9.95,24.24,0.298,3
6.660,back_right,-193.20,0.918,9.75,24.26,0.321,3
6.680,front_left,-193.85,0.803,10.09,24.23,0.281,3
6.680,front_right,-176.37,1.192,8.92,24.39,0.417,3
6.680,back_left,-197.69,0.835,10.00,24.24,0.292,3
6.680,back_right,-192.33,0.933,9.70,24.26,0.326,3
6.700,front_left,-197.77,0.813,10.06,24.23,0.285,3
6.700,front_right,-178.54,1.177,8.97,24.39,0.412,3
6.700,back_left,-193.49,0.859,9.92,24.24,0.301,3
6.700,back_right,-193.64,0.910,9.77,24.26,0.319,3
6.720,front_left,-195.23,0.843,9.97,24.23,0.295,3
6.720,front_right,-177.25,1.229,8.81,24.39,0.430,3
6.720,back_left,-195.63,0.900,9.80,24.24,0.315,3
6.720,back_right,-193.58,0.928,9.72,24.26,0.325,3
6.740,front_left,-194.13,0.854,9.94,24.23,0.299,3
6.740,front_right,-177.59,1.161,9.02,24.39,0.406,3
6.740,back_left,-194.77,0.823,10.03,24.24,0.288,3
6.740,back_right,-193.39,0.889,9.83,24.26,0.311,3
6.760,front_left,-195.77,0.823,10.03,24.23,0.288,3
6.760,front_right,-178.64,1.215,8.85,24.39,0.425,3
6.760,back_left,-195.73,0.855,9.94,24.24,0.299,3
6.760,back_right,-192.76,0.872,9.88,24.26,0.305,3
6.780,front_left,-195.84,0.836,9.99,24.23,0.293,3
6.780,front_right,-178.72,1.181,8.96,24.39,0.413,3
6.780,back_left,-198.50,0.846,9.96,24.24,0.296,3
6.780,back_right,-192.47,0.929,9.71,24.26,0.325,3
6.800,front_left,-194.40,0.829,10.01,24.23,0.290,3
6.800,front_right,-180.18,1.252,8.74,24.39,0.438,3
6.800,back_left,-196.04,0.837,9.99,24.24,0.293,3
6.800,back_right,-195.48,0.917,9.75,24.26,0.321,3
6.820,front_left,-194.96,0.863,9.91,24.23,0.302,3
6.820,front_right,-180.42,1.162,9.02,24.39,0.407,3
6.820,back_left,-196.26,0.895,9.82,24.24,0.313,3
6.820,back_right,-195.37,0.895,9.82,24.26,0.313,3
6.840,front_left,-195.11,0.863,9.91,24.23,0.302,3
6.840,front_right,-182.11,1.213,8.86,24.39,0.425,3
6.840,back_left,-196.75,0.894,9.82,24.24,0.313,3
6.840,back_right,-195.64,0.920,9.74,24.26,0.322,3
6.860,front_left,-193.39,0.843,9.97,24.23,0.295,3
6.860,front_right,-178.83,1.184,8.95,24.39,0.414,3
6.860,back_left,-197.16,0.858,9.93,24.24,0.300,3
6.860,back_right,-193.65,0.881,9.86,24.26,0.308,3
6.880,front_left,-196.12,0.850,9.95,24.23,0.297,3
6.880,front_right,-179.93,1.208,8.88,24.39,0.423,3
6.880,back_left,-196.02,0.853,9.94,24.24,0.299,3
6.880,back_right,-192.98,0.919,9.74,24.26,0.322,3
6.900,front_left,-197.65,0.873,9.88,24.23,0.306,3
6.900,front_right,-181.35,1.169,8.99,24.39,0.409,3
6.900,back_left,-196.32,0.878,9.87,24.24,0.307,3
6.900,back_right,-195.20,0.947,9.66,24.26,0.331,3
6.920,front_left,-197.95,0.809,10.07,24.23,0.283,3
6.920,front_right,-179.68,1.172,8.98,24.39,0.410,3
6.920,back_left,-195.39,0.872,9.88,24.24,0.305,3
6.920,back_right,-190.08,0.902,9.79,24.26,0.316,3
6.940,front_left,-195.71,0.834,10.00,24.23,0.292,3
6.940,front_right,-182.34,1.169,8.99,24.39,0.409,3
6.940,back_left,-194.61,0.839,9.98,24.24,0.293,3
6.940,back_right,-191.62,0.942,9.67,24.26,0.330,3
6.960,front_left,-195.86,0.816,10.05,24.23,0.286,3
6.960,front_right,-177.67,1.196,8.91,24.39,0.419,3
6.960,back_left,-197.03,0.832,10.00,24.24,0.291,3
6.960,back_right,-191.08,0.912,9.76,24.26,0.319,3
6.980,front_left,-196.62,0.858,9.93,24.23,0.300,3
6.980,front_right,-180.07,1.231,8.81,24.39,0.431,3
6.980,back_left,-194.97,0.853,9.94,24.24,0.298,3
6.980,back_right,-194.16,0.918,9.75,24.26,0.321,3
7.000,front_left,-196.63,0.804,10.09,24.23,0.281,3
7.000,front_right,-179.18,1.150,9.05,24.39,0.403,3
7.000,back_left,-194.70,0.908,9.78,24.24,0.318,3
7.000,back_right,-194.23,0.868,9.90,24.26,0.304,3
7.020,front_left,-194.43,0.864,9.91,24.23,0.302,3
7.020,front_right,-181.93,1.212,8.87,24.39,0.424,3
7.020,back_left,-195.17,0.898,9.80,24.24,0.314,3
7.020,back_right,-193.08,0.870,9.89,24.26,0.305,3
7.040,front_left,-194.65,0.806,10.08,24.23,0.282,3
7.040,front_right,-181.86,1.198,8.91,24.40,0.419,3
7.040,back_left,-192.15,0.824,10.03,24.24,0.289,3
7.040,back_right,-194.73,0.948,9.66,24.26,0.332,3
7.060,front_left,-193.14,0.887,9.84,24.23,0.310,3
7.060,front_right,-182.42,1.226,8.82,24.40,0.429,3
7.060,back_left,-197.99,0.884,9.85,24.24,0.309,3
7.060,back_right,-192.15,0.984,9.55,24.26,0.344,3
7.080,front_left,-192.93,0.823,10.03,24.23,0.288,3
7.080,front_right,-180.41,1.148,9.06,24.40,0.402,3
7.080,back_left,-194.73,0.833,10.00,24.24,0.292,3
7.080,back_right,-196.15,0.866,9.90,24.26,0.303,3
7.100,front_left,-195.63,0.845,9.96,24.23,0.296,3
7.100,front_right,-182.50,1.173,8.98,24.40,0.410,3
7.100,back_left,-197.06,0.871,9.89,24.24,0.305,3
7.100,back_right,-192.29,0.880,9.86,24.26,0.308,3
7.120,front_left,-196.14,0.837,9.99,24.23,0.293,3
7.120,front_right,-182.59,1.187,8.94,24.40,0.415,3
7.120,back_left,-197.15,0.854,9.94,24.24,0.299,3
7.120,back_right,-191.96,0.916,9.75,24.26,0.321,3
7.140,front_left,-198.52,0.908,9.77,24.23,0.318,3
7.140,front_right,-182.52,1.165,9.00,24.40,0.408,3
7.140,back_left,-195.54,0.864,9.91,24.24,0.302,3
7.140,back_right,-192.03,0.886,9.84,24.26,0.310,3
7.160,front_left,-195.06,0.855,9.93,24.23,0.299,3
7.160,front_right,-180.93,1.212,8.86,24.40,0.424,3
7.160,back_left,-195.86,0.864,9.91,24.24,0.302,3
7.160,back_right,-193.12,0.920,9.74,24.27,0.322,3
7.180,front_left,-197.55,0.833,10.00,24.23,0.292,3
7.180,front_right,-183.27,1.156,9.03,24.40,0.404,3
7.180,back_left,-192.31,0.893,9.82,24.24,0.313,3
7.180,back_right,-194.41,0.876,9.87,24.27,0.307,3
7.200,front_left,-194.72,0.808,10.08,24.23,0.283,3
7.200,front_right,-180.46,1.174,8.98,24.40,0.411,3
7.200,back_left,-192.85,0.845,9.96,24.24,0.296,3
7.200,back_right,-194.68,0.921,9.74,24.27,0.322,3
7.220,front_left,-198.61,0.809,10.07,24.24,0.283,3
7.220,front_right,-181.42,1.166,9.00,24.40,0.408,3
7.220,back_left,-193.33,0.854,9.94,24.24,0.299,3
7.220,back_right,-191.00,0.926,9.72,24.27,0.324,3
7.240,front_left,-195.95,0.843,9.97,24.24,0.295,3
7.240,front_right,-184.17,1.192,8.93,24.40,0.417,3
7.240,back_left,-196.80,0.908,9.78,24.24,0.318,3
7.240,back_right,-192.05,0.968,9.60,24.27,0.339,3
7.260,front_left,-197.59,0.864,9.91,24.24,0.302,3
7.260,front_right,-179.41,1.205,8.88,24.40,0.422,3
7.260,back_left,-192.72,0.854,9.94,24.24,0.299,3
7.260,back_right,-190.89,0.908,9.77,24.27,0.318,3
7.280,front_left,-195.32,0.862,9.92,24.24,0.302,3
7.280,front_right,-180.67,1.168,9.00,24.40,0.409,3
7.280,back_left,-197.07,0.854,9.94,24.24,0.299,3
7.280,back_right,-192.55,0.933,9.70,24.27,0.326,3
7.300,front_left,-194.22,0.828,10.01,24.24,0.290,3
7.300,front_right,-181.37,1.196,8.91,24.40,0.419,3
7.300,back_left,-196.52,0.844,9.97,24.25,0.295,3
7.300,back_right,-194.44,0.897,9.81,24.27,0.314,3
7.320,front_left,-197.27,0.843,9.97,24.24,0.295,3
7.320,front_right,-180.80,1.202,8.89,24.40,0.421,3
7.320,back_left,-194.10,0.832,10.00,24.25,0.291,3
7.320,back_right,-194.24,0.882,9.85,24.27,0.309,3
7.340,front_left,-195.92,0.871,9.89,24.24,0.305,3
7.340,front_right,-179.92,1.185,8.95,24.40,0.415,3
7.340,back_left,-194.83,0.829,10.01,24.25,0.290,3
7.340,back_right,-192.06,0.908,9.78,24.27,0.318,3
7.360,front_left,-194.82,0.840,9.98,24.24,0.294,3
7.360,front_right,-179.51,1.152,9.04,24.40,0.403,3
7.360,back_left,-195.97,0.850,9.95,24.25,0.297,3
7.360,back_right,-193.31,0.881,9.86,24.27,0.308,3
7.380,front_left,-199.47,0.898,9.81,24.24,0.314,3
7.380,front_right,-185.22,1.200,8.90,24.40,0.420,3
7.380,back_left,-196.18,0.860,9.92,24.25,0.301,3
7.380,back_right,-194.63,0.876,9.87,24.27,0.307,3
7.400,front_left,-194.48,0.832,10.00,24.24,0.291,3
7.400,front_right,-180.88,1.164,9.01,24.40,0.407,3
7.400,back_left,-195.14,0.870,9.89,24.25,0.305,3
7.400,back_right,-195.87,0.921,9.74,24.27,0.322,3
7.420,front_left,-198.58,0.884,9.85,24.24,0.309,3
7.420,front_right,-184.59,1.224,8.83,24.40,0.429,3
7.420,back_left,-195.59,0.855,9.93,24.25,0.299,3
7.420,back_right,-195.33,0.921,9.74,24.27,0.322,3
7.440,front_left,-194.09,0.837,9.99,24.24,0.293,3
7.440,front_right,-180.31,1.214,8.86,24.40,0.425,3
7.440,back_left,-196.43,0.867,9.90,24.25,0.304,3
7.440,back_right,-193.52,0.868,9.90,24.27,0.304,3
7.460,front_left,-197.37,0.867,9.90,24.24,0.303,3
7.460,front_right,-182.19,1.237,8.79,24.40,0.433,3
7.460,back_left,-196.14,0.876,9.87,24.25,0.307,3
7.460,back_right,-195.84,0.923,9.73,24.27,0.323,3
7.480,front_left,-197.25,0.869,9.89,24.24,0.304,3
7.480,front_right,-183.10,1.199,8.90,24.41,0.420,3
7.480,back_left,-196.82,0.868,9.90,24.25,0.304,3
7.480,back_right,-193.61,0.914,9.76,24.27,0.320,3
7.500,front_left,-197.74,0.089,12.23,24.24,0.031,3
7.500,front_right,-185.89,0.147,12.06,24.41,0.051,3
7.500,back_left,-197.16,0.085,12.25,24.25,0.030,3
7.500,back_right,-194.37,0.128,12.12,24.27,0.045,3
7.520,front_left,-171.93,0.129,12.11,24.24,0.045,3
7.520,front_right,-162.07,0.154,12.04,24.41,0.054,3
7.520,back_left,-172.04,0.065,12.31,24.25,0.023,3
7.520,back_right,-171.71,0.089,12.23,24.27,0.031,3
7.540,front_left,-131.64,0.080,12.26,24.24,0.028,3
7.540,front_right,-125.24,0.108,12.18,24.41,0.038,3
7.540,back_left,-131.92,0.055,12.34,24.25,0.019,3
7.540,back_right,-130.56,0.104,12.19,24.27,0.036,3
7.560,front_left,-88.86,0.065,12.31,24.24,0.023,3
7.560,front_right,-82.10,0.160,12.02,24.41,0.056,3
7.560,back_left,-88.10,0.127,12.12,24.25,0.044,3
7.560,back_right,-85.78,0.115,12.16,24.27,0.040,3
7.580,front_left,-53.15,0.117,12.15,24.24,0.041,3
7.580,front_right,-47.40,0.164,12.01,24.41,0.057,3
7.580,back_left,-49.54,0.039,12.38,24.25,0.014,3
7.580,back_right,-50.86,0.118,12.15,24.27,0.041,3
7.600,front_left,-28.37,0.061,12.32,24.24,0.021,3
7.600,front_right,-24.00,0.114,12.16,24.41,0.040,3
7.600,back_left,-23.28,0.104,12.19,24.25,0.036,3
7.600,back_right,-24.23,0.108,12.18,24.27,0.038,3
7.620,front_left,-12.73,0.122,12.13,24.24,0.043,3
7.620,front_right,-11.31,0.107,12.18,24.41,0.037,3
7.620,back_left,-9.67,0.120,12.14,24.25,0.042,3
7.620,back_right,-11.52,0.099,12.20,24.27,0.035,3
7.640,front_left,-5.51,0.089,12.23,24.24,0.031,3
7.640,front_right,-4.62,0.145,12.07,24.41,0.051,3
7.640,back_left,-3.89,0.067,12.30,24.25,0.024,3
7.640,back_right,-5.58,0.123,12.13,24.27,0.043,3
7.660,front_left,-1.99,0.088,12.24,24.24,0.031,3
7.660,front_right,-4.29,0.098,12.20,24.41,0.034,3
7.660,back_left,1.33,0.117,12.15,24.25,0.041,3
7.660,back_right,-5.32,0.073,12.28,24.27,0.025,3
7.680,front_left,0.16,0.130,12.11,24.24,0.045,3
7.680,front_right,-0.70,0.126,12.12,24.41,0.044,3
7.680,back_left,-2.64,0.058,12.33,24.25,0.020,3
7.680,back_right,-2.26,0.084,12.25,24.27,0.030,3
7.700,front_left,-2.08,0.064,12.31,24.24,0.022,3
7.700,front_right,1.94,0.161,12.02,24.41,0.056,3
7.700,back_left,-1.66,0.072,12.28,24.25,0.025,3
7.700,back_right,-0.90,0.098,12.21,24.27,0.034,3
7.720,front_left,1.82,0.113,12.16,24.24,0.040,3
7.720,front_right,3.13,0.165,12.01,24.41,0.058,3
7.720,back_left,1.84,0.124,12.13,24.25,0.043,3
7.720,back_right,-0.89,0.093,12.22,24.27,0.032,3
7.740,front_left,-0.57,0.073,12.28,24.24,0.026,3
7.740,front_right,2.00,0.168,12.00,24.41,0.059,3
7.740,back_left,-0.78,0.085,12.25,24.25,0.030,3
7.740,back_right,1.65,0.139,12.08,24.27,0.049,3
7.760,front_left,1.20,0.061,12.32,24.24,0.021,3
7.760,front_right,0.01,0.155,12.04,24.41,0.054,3
7.760,back_left,0.10,0.105,12.19,24.25,0.037,3
7.760,back_right,0.64,0.161,12.02,24.27,0.056,3
7.780,front_left,1.62,0.120,12.14,24.24,0.042,3
7.780,front_right,-0.28,0.171,11.99,24.41,0.060,3
7.780,back_left,-1.24,0.100,12.20,24.25,0.035,3
7.780,back_right,-0.66,0.121,12.14,24.27,0.042,3
7.800,front_left,-2.20,0.084,12.25,24.24,0.030,3
7.800,front_right,0.04,0.167,12.00,24.41,0.058,3
7.800,back_left,0.14,0.032,12.40,24.25,0.011,3
7.800,back_right,-2.81,0.084,12.25,24.27,0.029,3
7.820,front_left,0.73,0.141,12.08,24.24,0.049,3
7.820,front_right,2.18,0.157,12.03,24.41,0.055,3
7.820,back_left,-0.38,0.079,12.26,24.25,0.028,3
7.820,back_right,1.59,0.086,12.24,24.27,0.030,3
7.840,front_left,1.97,0.098,12.20,24.24,0.034,3
7.840,front_right,1.06,0.151,12.05,24.41,0.053,3
7.840,back_left,-1.94,0.085,12.24,24.25,0.030,3
7.840,back_right,-0.97,0.118,12.14,24.27,0.041,3
7.860,front_left,-0.93,0.103,12.19,24.24,0.036,3
7.860,front_right,1.06,0.153,12.04,24.41,0.054,3
7.860,back_left,1.13,0.096,12.21,24.25,0.034,3
7.860,back_right,0.02,0.075,12.28,24.27,0.026,3
7.880,front_left,0.97,0.131,12.11,24.24,0.046,3
7.880,front_right,0.08,0.108,12.18,24.41,0.038,3
7.880,back_left,-3.17,0.103,12.19,24.25,0.036,3
7.880,back_right,-0.32,0.161,12.02,24.27,0.056,3
7.900,front_left,-1.47,0.094,12.22,24.24,0.033,3
7.900,front_right,1.13,0.148,12.06,24.41,0.052,3
7.900,back_left,-2.41,0.120,12.14,24.25,0.042,3
7.900,back_right,-0.12,0.110,12.17,24.27,0.039,3
7.920,front_left,-2.85,0.096,12.21,24.24,0.034,3
7.920,front_right,0.36,0.093,12.22,24.41,0.032,3
7.920,back_left,-0.04,0.117,12.15,24.25,0.041,3
7.920,back_right,-1.57,0.108,12.18,24.27,0.038,3
7.940,front_left,-0.83,0.123,12.13,24.24,0.043,3
7.940,front_right,-1.35,0.213,11.86,24.41,0.075,3
7.940,back_left,0.85,0.120,12.14,24.25,0.042,3
7.940,back_right,-2.61,0.146,12.06,24.27,0.051,3
7.960,front_left,-1.85,0.134,12.10,24.24,0.047,3
7.960,front_right,2.96,0.160,12.02,24.41,0.056,3
7.960,back_left,-0.04,0.109,12.17,24.25,0.038,3
7.960,back_right,0.48,0.080,12.26,24.27,0.028,3
7.980,front_left,-0.23,0.129,12.11,24.24,0.045,3
7.980,front_right,0.95,0.132,12.10,24.41,0.046,3
7.980,back_left,1.06,0.106,12.18,24.25,0.037,3
7.980,back_right,1.96,0.117,12.15,24.27,0.041,3
8.000,front_left,-0.41,0.048,12.36,24.24,0.017,3
8.000,front_right,-3.31,0.159,12.02,24.41,0.056,3
8.000,back_left,-0.13,0.121,12.14,24.25,0.042,3
8.000,back_right,2.23,0.080,12.26,24.27,0.028,3
8.020,front_left,0.11,0.100,12.20,24.24,0.035,3
8.020,front_right,-1.56,0.161,12.02,24.41,0.056,3
8.020,back_left,-0.26,0.097,12.21,24.25,0.034,3
8.020,back_right,-2.42,0.126,12.12,24.27,0.044,3
8.040,front_left,-0.79,0.099,12.20,24.24,0.035,3
8.040,front_right,0.10,0.154,12.04,24.41,0.054,3
8.040,back_left,0.10,0.105,12.19,24.25,0.037,3
8.040,back_right,-0.17,0.067,12.30,24.27,0.024,3
8.060,front_left,2.55,0.075,12.27,24.24,0.026,3
8.060,front_right,-0.33,0.115,12.16,24.41,0.040,3
8.060,back_left,1.69,0.097,12.21,24.25,0.034,3
8.060,back_right,-0.53,0.083,12.25,24.27,0.029,3
8.080,front_left,1.20,0.132,12.11,24.24,0.046,3
8.080,front_right,1.13,0.192,11.92,24.41,0.067,3
8.080,back_left,-0.60,0.094,12.22,24.25,0.033,3
8.080,back_right,0.66,0.136,12.09,24.27,0.048,3
8.100,front_left,0.33,0.060,12.32,24.24,0.021,3
8.100,front_right,-1.70,0.175,11.98,24.41,0.061,3
8.100,back_left,-1.05,0.062,12.32,24.25,0.022,3
8.100,back_right,2.11,0.069,12.29,24.27,0.024,3
8.120,front_left,-0.50,0.097,12.21,24.24,0.034,3
8.120,front_right,-1.55,0.159,12.02,24.41,0.056,3
8.120,back_left,0.22,0.044,12.37,24.25,0.015,3
8.120,back_right,1.64,0.110,12.17,24.27,0.039,3
8.140,front_left,-3.41,0.052,12.35,24.24,0.018,3
8.140,front_right,2.14,0.156,12.03,24.41,0.054,3
8.140,back_left,0.33,0.096,12.21,24.25,0.034,3
8.140,back_right,1.90,0.129,12.11,24.27,0.045,3
8.160,front_left,-2.16,0.126,12.12,24.24,0.044,3
8.160,front_right,1.14,0.180,11.96,24.41,0.063,3
8.160,back_left,0.10,0.100,12.20,24.25,0.035,3
8.160,back_right,1.19,0.095,12.21,24.27,0.033,3
8.180,front_left,0.56,0.083,12.25,24.24,0.029,3
8.180,front_right,-0.94,0.142,12.07,24.41,0.050,3
8.180,back_left,-0.07,0.075,12.28,24.25,0.026,3
8.180,back_right,-0.57,0.153,12.04,24.27,0.053,3
8.200,front_left,0.73,0.120,12.14,24.24,0.042,3
8.200,front_right,0.66,0.120,12.14,24.41,0.042,3
8.200,back_left,0.61,0.083,12.25,24.25,0.029,3
8.200,back_right,-1.67,0.103,12.19,24.27,0.036,3
8.220,front_left,-0.67,0.100,12.20,24.24,0.035,3
8.220,front_right,1.66,0.181,11.96,24.41,0.063,3
8.220,back_left,0.71,0.097,12.21,24.25,0.034,3
8.220,back_right,-1.10,0.089,12.23,24.27,0.031,3
8.240,front_left,-0.37,0.110,12.17,24.24,0.038,3
8.240,front_right,0.26,0.170,11.99,24.41,0.059,3
8.240,back_left,0.79,0.126,12.12,24.25,0.044,3
8.240,back_right,-3.71,0.128,12.12,24.27,0.045,3
8.260,front_left,-0.24,0.064,12.31,24.24,0.022,3
8.260,front_right,1.15,0.167,12.00,24.41,0.058,3
8.260,back_left,0.91,0.107,12.18,24.25,0.037,3
8.260,back_right,-1.90,0.086,12.24,24.27,0.030,3
8.280,front_left,1.12,0.086,12.24,24.24,0.030,3
8.280,front_right,0.32,0.165,12.00,24.41,0.058,3
8.280,back_left,0.01,0.026,12.42,24.25,0.009,3
8.280,back_right,-0.82,0.124,12.13,24.27,0.043,3
8.300,front_left,-0.65,0.093,12.22,24.24,0.033,3
8.300,front_right,-0.61,0.187,11.94,24.41,0.066,3
8.300,back_left,0.71,0.116,12.15,24.25,0.040,3
8.300,back_right,0.43,0.061,12.32,24.27,0.021,3
8.320,front_left,-0.94,0.063,12.31,24.24,0.022,3
8.320,front_right,0.70,0.109,12.17,24.41,0.038,3
8.320,back_left,0.33,0.084,12.25,24.25,0.029,3
8.320,back_right,-1.33,0.090,12.23,24.27,0.032,3
8.340,front_left,3.22,0.063,12.31,24.24,0.022,3
8.340,front_right,0.04,0.161,12.02,24.41,0.056,3
8.340,back_left,-1.59,0.069,12.29,24.25,0.024,3
8.340,back_right,1.35,0.068,12.30,24.27,0.024,3
8.360,front_left,0.73,0.060,12.32,24.24,0.021,3
8.360,front_right,-0.78,0.133,12.10,24.41,0.047,3
8.360,back_left,1.24,0.099,12.20,24.25,0.035,3
8.360,back_right,0.20,0.119,12.14,24.27,0.042,3
8.380,front_left,0.98,0.092,12.22,24.24,0.032,3
8.380,front_right,-0.32,0.151,12.05,24.41,0.053,3
8.380,back_left,-1.29,0.130,12.11,24.25,0.045,3
8.380,back_right,-1.32,0.110,12.17,24.27,0.039,3
8.400,front_left,-3.91,0.084,12.25,24.24,0.029,3
8.400,front_right,0.96,0.139,12.08,24.41,0.049,3
8.400,back_left,1.00,0.095,12.21,24.25,0.033,3
8.400,back_right,1.22,0.104,12.19,24.27,0.036,3
8.420,front_left,1.03,0.104,12.19,24.24,0.036,3
8.420,front_right,-0.03,0.124,12.13,24.41,0.043,3
8.420,back_left,1.46,0.073,12.28,24.25,0.026,3
8.420,back_right,-0.26,0.123,12.13,24.27,0.043,3
8.440,front_left,-0.13,0.077,12.27,24.24,0.027,3
8.440,front_right,0.24,0.148,12.06,24.41,0.052,3
8.440,back_left,0.00,0.116,12.15,24.25,0.041,3
8.440,back_right,1.39,0.086,12.24,24.27,0.030,3
8.460,front_left,0.82,0.083,12.25,24.24,0.029,3
8.460,front_right,0.30,0.202,11.89,24.41,0.071,3
8.460,back_left,0.85,0.134,12.10,24.25,0.047,3
8.460,back_right,3.31,0.071,12.29,24.27,0.025,3
8.480,front_left,-0.72,0.107,12.18,24.24,0.037,3
8.480,front_right,-0.79,0.142,12.07,24.41,0.050,3
8.480,back_left,1.07,0.105,12.19,24.25,0.037,3
8.480,back_right,-1.57,0.096,12.21,24.27,0.034,3
